INSERT INTO desenvolvedoras (desenvolvedora_id, nome, pais_origem) VALUES
(115, 'Naughty Dog', 'EUA'),
(106, 'Blizzard Entertainment', 'EUA'),
(107, 'Valve', 'EUA'),
(108, 'Nintendo', 'Japao'),
(109, 'Ubisoft', 'Franca'),
(110, 'Larian Studios', 'Belgica'),
(111, 'Mojang Studios', 'Suecia'),
(112, 'Bethesda Game Studios', 'EUA'),
(113, ' Guerrilla Games', 'Holanda'),
(114, 'Capcom', 'Japao');

-- Adicionando novas Publicadoras (10)
INSERT INTO publicadoras (publicadora_id, nome, pais_origem) VALUES
(205, 'Sony Interactive Entertainment', 'Japao'),
(206, 'Activision Blizzard', 'EUA'),
(207, 'Valve', 'EUA'),
(208, 'Nintendo', 'Japao'),
(209, 'Ubisoft', 'Franca'),
(210, 'Larian Studios', 'Belgica'),
(211, 'Xbox Game Studios', 'EUA'),
(212, 'Bethesda Softworks', 'EUA'),
(213, 'Capcom', 'Japao'),
(214, 'Electronic Arts', 'EUA');

-- Adicionando novos Gêneros (5)
INSERT INTO generos (genero_id, nome_genero) VALUES
(6, 'Estrategia'),
(7, 'Puzzle'),
(8, 'Sobrevivencia'),
(9, 'Terror'),
(10, 'Esportes');

-- Adicionando novos Clientes (100)
INSERT INTO clientes (cliente_id, nome_usuario, email, data_cadastro, pais) VALUES
(5, 'marco_dev', 'marco@email.com', '2024-01-22', 'Brasil'),
(6, 'sofia_g', 'sofia@email.com', '2024-01-25', 'Argentina'),
(7, 'leo_p', 'leo@email.com', '2024-02-01', 'Portugal'),
(8, 'isabela_c', 'isabela@email.com', '2024-02-03', 'Chile'),
(9, 'rafa_s', 'rafa@email.com', '2024-02-11', 'Brasil'),
(10, 'gabi_m', 'gabi@email.com', '2024-02-15', 'Colombia'),
(11, 'tiago_a', 'tiago@email.com', '2024-02-21', 'Brasil'),
(12, 'laura_b', 'laura@email.com', '2024-02-28', 'Mexico'),
(13, 'bruno_f', 'bruno@email.com', '2024-03-05', 'Portugal'),
(14, 'julia_r', 'julia@email.com', '2024-03-12', 'Brasil'),
(15, 'pedro_h', 'pedro@email.com', '2024-03-18', 'Espanha'),
(16, 'ana_lu', 'ana@email.com', '2024-03-25', 'Brasil'),
(17, 'carlos_v', 'carlos@email.com', '2024-04-01', 'Peru'),
(18, 'maria_p', 'maria@email.com', '2024-04-07', 'Brasil'),
(19, 'felipe_n', 'felipe@email.com', '2024-04-14', 'Argentina'),
(20, 'beatriz_s', 'beatriz@email.com', '2024-04-20', 'Brasil'),
(21, 'gamer_z', 'z@email.com', '2024-05-01', 'Canada'),
(22, 'player_one', 'player1@email.com', '2024-05-02', 'EUA'),
(23, 'master_chief', 'mc@email.com', '2024-05-03', 'EUA'),
(24, 'lara_croft_fan', 'lara@email.com', '2024-05-04', 'Reino Unido'),
(25, 'zelda_lover', 'zelda@email.com', '2024-05-05', 'Japao'),
(26, 'mario_fan', 'mario@email.com', '2024-05-06', 'Italia'),
(27, 'sonic_speed', 'sonic@email.com', '2024-05-07', 'EUA'),
(28, 'kratos_spirit', 'kratos@email.com', '2024-05-08', 'Grecia'),
(29, 'final_fantasy_player', 'ffp@email.com', '2024-05-09', 'Japao'),
(30, 'elder_scrolls_nerd', 'esn@email.com', '2024-05-10', 'EUA'),
(31, 'witcher_fanatic', 'geralt@email.com', '2024-05-11', 'Polonia'),
(32, 'cyberpunk_runner', 'v@email.com', '2024-05-12', 'EUA'),
(33, 'doom_slayer', 'doom@email.com', '2024-05-13', 'EUA'),
(34, 'resident_evil_survivor', 'leon@email.com', '2024-05-14', 'EUA'),
(35, 'silent_hill_visitor', 'shv@email.com', '2024-05-15', 'EUA'),
(36, 'metal_gear_solid_fan', 'snake@email.com', '2024-05-16', 'EUA'),
(37, 'dark_souls_chosen', 'chosen_undead@email.com', '2024-05-17', 'Japao'),
(38, 'bloodborne_hunter', 'hunter@email.com', '2024-05-18', 'Japao'),
(39, 'sekiro_wolf', 'wolf@email.com', '2024-05-19', 'Japao'),
(40, 'elden_ring_tarnished', 'tarnished@email.com', '2024-05-20', 'Japao'),
(41, 'stardew_farmer', 'farmer@email.com', '2024-05-21', 'EUA'),
(42, 'minecraft_builder', 'builder@email.com', '2024-05-22', 'Suecia'),
(43, 'terraria_adventurer', 'adventurer@email.com', '2024-05-23', 'EUA'),
(44, 'hollow_knight_wanderer', 'wanderer@email.com', '2024-05-24', 'Australia'),
(45, 'celeste_climber', 'climber@email.com', '2024-05-25', 'Canada'),
(46, 'undertale_pacifist', 'pacifist@email.com', '2024-05-26', 'EUA'),
(47, 'portal_tester', 'tester@email.com', '2024-05-27', 'EUA'),
(48, 'half_life_scientist', 'gordon@email.com', '2024-05-28', 'EUA'),
(49, 'bioshock_citizen', 'citizen@email.com', '2024-05-29', 'EUA'),
(50, 'dishonored_assassin', 'assassin@email.com', '2024-05-30', 'Franca'),
(51, 'prey_survivor', 'morgan@email.com', '2024-05-31', 'EUA'),
(52, 'deus_ex_agent', 'jensen@email.com', '2024-06-01', 'EUA'),
(53, 'fallout_wanderer', 'vault_dweller@email.com', '2024-06-02', 'EUA'),
(54, 'skyrim_dragonborn', 'dovahkiin@email.com', '2024-06-03', 'EUA'),
(55, 'oblivion_hero', 'hero_of_kvatch@email.com', '2024-06-04', 'EUA'),
(56, 'morrowind_nerevarine', 'nerevarine@email.com', '2024-06-05', 'EUA'),
(57, 'diablo_nephalem', 'nephalem@email.com', '2024-06-06', 'EUA'),
(58, 'warcraft_champion', 'champion@email.com', '2024-06-07', 'EUA'),
(59, 'starcraft_commander', 'commander@email.com', '2024-06-08', 'EUA'),
(60, 'overwatch_agent', 'agent@email.com', '2024-06-09', 'EUA'),
(61, 'hearthstone_player', 'card_player@email.com', '2024-06-10', 'EUA'),
(62, 'dota_2_hero', 'hero@email.com', '2024-06-11', 'EUA'),
(63, 'league_of_legends_summoner', 'summoner@email.com', '2024-06-12', 'EUA'),
(64, 'valorant_agent', 'v_agent@email.com', '2024-06-13', 'EUA'),
(65, 'counter_strike_operator', 'operator@email.com', '2024-06-14', 'EUA'),
(66, 'apex_legends_legend', 'legend@email.com', '2024-06-15', 'EUA'),
(67, 'fortnite_player', 'fortnite_kid@email.com', '2024-06-16', 'EUA'),
(68, 'pubg_survivor', 'chicken_dinner@email.com', '2024-06-17', 'Coreia do Sul'),
(69, 'escape_from_tarkov_scav', 'scav@email.com', '2024-06-18', 'Russia'),
(70, 'rust_survivor', 'naked@email.com', '2024-06-19', 'Reino Unido'),
(71, 'dayz_survivor', 'dayz_player@email.com', '2024-06-20', 'Republica Tcheca'),
(72, 'ark_survivor', 'dino_rider@email.com', '2024-06-21', 'EUA'),
(73, 'the_forest_survivor', 'cannibal_hunter@email.com', '2024-06-22', 'Canada'),
(74, 'subnautica_diver', 'diver@email.com', '2024-06-23', 'EUA'),
(75, 'no_mans_sky_explorer', 'explorer@email.com', '2024-06-24', 'Reino Unido'),
(76, 'elite_dangerous_commander', 'cmdr@email.com', '2024-06-25', 'Reino Unido'),
(77, 'star_citizen_pilot', 'citizen_pilot@email.com', '2024-06-26', 'EUA'),
(78, 'eve_online_capsuleer', 'capsuleer@email.com', '2024-06-27', 'Islandia'),
(79, 'world_of_tanks_commander', 'tanker@email.com', '2024-06-28', 'Chipre'),
(80, 'war_thunder_pilot', 'pilot@email.com', '2024-06-29', 'Hungria'),
(81, 'sims_player', 'simmer@email.com', '2024-06-30', 'EUA'),
(82, 'cities_skylines_mayor', 'mayor@email.com', '2024-07-01', 'Finlandia'),
(83, 'planet_coaster_designer', 'designer@email.com', '2024-07-02', 'Reino Unido'),
(84, 'planet_zoo_keeper', 'zookeeper@email.com', '2024-07-03', 'Reino Unido'),
(85, 'kerbal_space_program_engineer', 'kerbal_engineer@email.com', '2024-07-04', 'Mexico'),
(86, 'civilization_leader', 'leader@email.com', '2024-07-05', 'EUA'),
(87, 'europa_universalis_ruler', 'ruler@email.com', '2024-07-06', 'Suecia'),
(88, 'crusader_kings_dynast', 'dynast@email.com', '2024-07-07', 'Suecia'),
(89, 'hearts_of_iron_general', 'general@email.com', '2024-07-08', 'Suecia'),
(90, 'stellaris_emperor', 'emperor@email.com', '2024-07-09', 'Suecia'),
(91, 'xcom_commander', 'vigilo_confido@email.com', '2024-07-10', 'EUA'),
(92, 'fire_emblem_tactician', 'tactician@email.com', '2024-07-11', 'Japao'),
(93, 'persona_phantom_thief', 'joker@email.com', '2024-07-12', 'Japao'),
(94, 'yakuza_dragon', 'kiryu@email.com', '2024-07-13', 'Japao'),
(95, 'monster_hunter_hunter', 'fiver@email.com', '2024-07-14', 'Japao'),
(96, 'street_fighter_warrior', 'ryu@email.com', '2024-07-15', 'Japao'),
(97, 'mortal_kombat_kombatant', 'scorpion@email.com', '2024-07-16', 'EUA'),
(98, 'tekken_fighter', 'jin@email.com', '2024-07-17', 'Japao'),
(99, 'smash_bros_brawler', 'brawler@email.com', '2024-07-18', 'Japao'),
(100, 'fifa_player', 'pro_player@email.com', '2024-07-19', 'EUA'),
(101, 'nba_2k_baller', 'baller@email.com', '2024-07-20', 'EUA'),
(102, 'madden_nfl_coach', 'coach@email.com', '2024-07-21', 'EUA'),
(103, 'gran_turismo_driver', 'driver@email.com', '2024-07-22', 'Japao'),
(104, 'forza_horizon_racer', 'racer@email.com', '2024-07-23', 'Reino Unido');

-- Adicionando novos Jogos (50)
INSERT INTO jogos (jogo_id, titulo, data_lancamento, preco_base, desenvolvedora_id, publicadora_id) VALUES
(1019, 'EA Sports FC 24', '2023-09-29', 69.99, 102, 214),
(1020, 'Alan Wake 2', '2023-10-27', 49.99, 101, 202),
(1021, 'Hades', '2020-09-17', 24.99, 101, 203),
(1022, 'Celeste', '2018-01-25', 19.99, 104, 204),
(1023, 'Hollow Knight', '2017-02-24', 14.99, 101, 205),
(1024, 'Disco Elysium', '2019-10-15', 39.99, 110, 210),
(1025, 'Factorio', '2020-08-14', 30.00, 109, 209),
(1026, 'Terraria', '2011-05-16', 9.99, 102, 202),
(1027, 'Portal 2', '2011-04-19', 9.99, 107, 207),
(1028, 'Left 4 Dead 2', '2009-11-17', 9.99, 107, 207),
(1029, 'BioShock Infinite', '2013-03-26', 29.99, 102, 202),
(1030, 'Mass Effect Legendary Edition', '2021-05-14', 59.99, 101, 214),
(1031, 'Fallout: New Vegas', '2010-10-19', 9.99, 112, 212),
(1032, 'DOOM Eternal', '2020-03-20', 39.99, 103, 212),
(1033, 'Sekiro: Shadows Die Twice', '2019-03-22', 59.99, 103, 206),
(1034, 'Bloodborne', '2015-03-24', 19.99, 103, 205),
(1035, 'Dark Souls III', '2016-04-12', 59.99, 103, 203),
(1036, 'God of War (2018)', '2018-04-20', 49.99, 105, 205),
(1037, 'Uncharted 4: A Thief''s End', '2016-05-10', 19.99, 105, 205),
(1038, 'Persona 5 Royal', '2020-03-31', 59.99, 114, 213),
(1039, 'Monster Hunter: World', '2018-01-26', 29.99, 114, 213),
(1040, 'Final Fantasy VII Remake', '2020-04-10', 69.99, 101, 201),
(1041, 'Civilization VI', '2016-10-21', 59.99, 102, 202),
(1042, 'XCOM 2', '2016-02-05', 59.99, 102, 202),
(1043, 'The Sims 4', '2014-09-02', 0.00, 102, 214),
(1044, 'Cities: Skylines', '2015-03-10', 29.99, 109, 209),
(1045, 'Subnautica', '2018-01-23', 29.99, 104, 204),
(1046, 'No Man''s Sky', '2016-08-09', 59.99, 101, 201),
(1047, 'Rocket League', '2015-07-07', 0.00, 105, 205),
(1048, 'Among Us', '2018-11-16', 4.99, 104, 204),
(1049, 'Phasmophobia', '2020-09-18', 13.99, 104, 204),
(1050, 'Valheim', '2021-02-02', 19.99, 104, 204),
(1051, 'Garry''s Mod', '2006-11-29', 9.99, 107, 207),
(1052, 'Rust', '2018-02-08', 39.99, 104, 204),
(1053, 'Apex Legends', '2019-02-04', 0.00, 102, 214),
(1054, 'Overwatch 2', '2022-10-04', 0.00, 106, 206),
(1055, 'Grand Theft Auto V', '2013-09-17', 29.99, 102, 202),
(1006, 'The Last of Us Part I', '2022-09-02', 69.99, 105, 205),
(1007, 'Baldur''s Gate 3', '2023-08-03', 59.99, 110, 210),
(1008, 'World of Warcraft', '2004-11-23', 14.99, 106, 206),
(1009, 'Half-Life: Alyx', '2020-03-23', 59.99, 107, 207),
(1010, 'The Legend of Zelda: Tears of the Kingdom', '2023-05-12', 69.99, 108, 208),
(1011, 'Assassin''s Creed Valhalla', '2020-11-10', 59.99, 109, 209),
(1012, 'Minecraft', '2011-11-18', 26.95, 111, 211),
(1013, 'The Elder Scrolls V: Skyrim', '2011-11-11', 39.99, 112, 212),
(1014, 'Horizon Zero Dawn', '2017-02-28', 49.99, 113, 205),
(1015, 'Resident Evil 4 (Remake)', '2023-03-24', 59.99, 114, 213),
(1016, 'Diablo IV', '2023-06-05', 69.99, 106, 206),
(1017, 'Starfield', '2023-09-06', 69.99, 112, 212),
(1018, 'Counter-Strike 2', '2023-09-27', 0.00, 107, 207);


-- Adicionando Relações Jogo-Gênero
INSERT INTO jogo_genero (jogo_id, genero_id) VALUES
(1006, 2), (1006, 3), (1006, 9),
(1007, 1), (1007, 6),
(1008, 1), (1008, 3),
(1009, 2), (1009, 9),
(1010, 2), (1010, 3), (1010, 1),
(1011, 1), (1011, 2), (1011, 3),
(1012, 3), (1012, 5), (1012, 8),
(1013, 1), (1013, 3),
(1014, 1), (1014, 2), (1014, 3),
(1015, 2), (1015, 9), (1015, 8),
(1016, 1), (1016, 2), (1016, 3),
(1017, 1), (1017, 3),
(1018, 2), (1018, 10),
(1019, 10),
(1020, 9), (1020, 8),
(1021, 2), (1021, 5),
(1022, 5),
(1023, 5), (1023, 2),
(1024, 1), (1024, 5),
(1025, 4), (1025, 6),
(1026, 5), (1026, 3),
(1027, 7),
(1028, 2), (1028, 9),
(1029, 2),
(1030, 1), (1030, 2),
(1031, 1), (1031, 3),
(1032, 2),
(1033, 2),
(1034, 1), (1034, 2), (1034, 9),
(1035, 1), (1035, 2),
(1036, 2), (1036, 1),
(1037, 2),
(1038, 1),
(1039, 1), (1039, 2),
(1040, 1),
(1041, 6),
(1042, 6),
(1043, 4),
(1044, 4),
(1045, 8), (1045, 5),
(1046, 8), (1046, 3),
(1047, 10),
(1048, 5), (1048, 7),
(1049, 9), (1049, 5),
(1050, 8), (1050, 5),
(1051, 5), (1051, 4),
(1052, 8), (1052, 2),
(1053, 2),
(1054, 2), (1054, 10),
(1055, 2), (1055, 3);

-- Adicionando Novas Vendas (Amostra de 200)
INSERT INTO vendas (venda_id, cliente_id, data_venda) VALUES
(507, 5, '2025-01-23'), (508, 6, '2025-01-26'), (509, 7, '2025-02-02'), (510, 8, '2025-02-04'),
(511, 9, '2025-02-12'), (512, 10, '2025-02-16'), (513, 11, '2025-02-22'), (514, 12, '2025-03-01'),
(515, 13, '2025-03-06'), (516, 14, '2025-03-13'), (517, 15, '2025-03-19'), (518, 16, '2025-03-26'),
(519, 17, '2025-04-02'), (520, 18, '2025-04-08'), (521, 19, '2025-04-15'), (522, 20, '2025-04-21'),
(523, 1, '2025-05-01'), (524, 2, '2025-05-02'), (525, 3, '2025-05-03'), (526, 4, '2025-05-04'),
(527, 21, '2025-05-05'), (528, 22, '2025-05-06'), (529, 23, '2025-05-07'), (530, 24, '2025-05-08'),
(531, 25, '2025-05-09'), (532, 26, '2025-05-10'), (533, 27, '2025-05-11'), (534, 28, '2025-05-12'),
(535, 29, '2025-05-13'), (536, 30, '2025-05-14'), (537, 31, '2025-05-15'), (538, 32, '2025-05-16'),
(539, 33, '2025-05-17'), (540, 34, '2025-05-18'), (541, 35, '2025-05-19'), (542, 36, '2025-05-20'),
(543, 37, '2025-05-21'), (544, 38, '2025-05-22'), (545, 39, '2025-05-23'), (546, 40, '2025-05-24'),
(547, 41, '2025-05-25'), (548, 42, '2025-05-26'), (549, 43, '2025-05-27'), (550, 44, '2025-05-28'),
(551, 45, '2025-05-29'), (552, 46, '2025-05-30'), (553, 47, '2025-05-31'), (554, 48, '2025-06-01'),
(555, 49, '2025-06-02'), (556, 50, '2025-06-03'), (557, 51, '2025-06-04'), (558, 52, '2025-06-05'),
(559, 53, '2025-06-06'), (560, 54, '2025-06-07'), (561, 55, '2025-06-08'), (562, 56, '2025-06-09'),
(563, 57, '2025-06-10'), (564, 58, '2025-06-11'), (565, 59, '2025-06-12'), (566, 60, '2025-06-13'),
(567, 61, '2025-06-14'), (568, 62, '2025-06-15'), (569, 63, '2025-06-16'), (570, 64, '2025-06-17'),
(571, 65, '2025-06-18'), (572, 66, '2025-06-19'), (573, 67, '2025-06-20'), (574, 68, '2025-06-21'),
(575, 69, '2025-06-22'), (576, 70, '2025-06-23'), (577, 71, '2025-06-24'), (578, 72, '2025-06-25'),
(579, 73, '2025-06-26'), (580, 74, '2025-06-27'), (581, 75, '2025-06-28'), (582, 76, '2025-06-29'),
(583, 77, '2025-06-30'), (584, 78, '2025-07-01'), (585, 79, '2025-07-02'), (586, 80, '2025-07-03'),
(587, 81, '2025-07-04'), (588, 82, '2025-07-05'), (589, 83, '2025-07-06'), (590, 84, '2025-07-07'),
(591, 85, '2025-07-08'), (592, 86, '2025-07-09'), (593, 87, '2025-07-10'), (594, 88, '2025-07-11'),
(595, 89, '2025-07-12'), (596, 90, '2025-07-13'), (597, 91, '2025-07-14'), (598, 92, '2025-07-15'),
(599, 93, '2025-07-16'), (600, 94, '2025-07-17'), (601, 95, '2025-07-18'), (602, 96, '2025-07-19'),
(603, 97, '2025-07-20'), (604, 98, '2025-07-21'), (605, 99, '2025-07-22'), (606, 100, '2025-07-23'),
(607, 101, '2025-07-24'), (608, 102, '2025-07-25'), (609, 103, '2025-07-26'), (610, 104, '2025-07-27'),
(611, 5, '2025-07-28'), (612, 6, '2025-07-29'), (613, 7, '2025-07-30'), (614, 8, '2025-07-31'),
(615, 9, '2025-08-01'), (616, 10, '2025-08-02'), (617, 11, '2025-08-03'), (618, 12, '2025-08-04'),
(619, 13, '2025-08-05'), (620, 14, '2025-08-06'), (621, 15, '2025-08-07'), (622, 16, '2025-08-08'),
(623, 17, '2025-08-09'), (624, 18, '2025-08-10'), (625, 19, '2025-08-11'), (626, 20, '2025-08-12'),
(627, 21, '2025-08-13'), (628, 22, '2025-08-14'), (629, 23, '2025-08-15'), (630, 24, '2025-08-16'),
(631, 25, '2025-08-17'), (632, 26, '2025-08-18'), (633, 27, '2025-08-19'), (634, 28, '2025-08-20'),
(635, 29, '2025-08-21'), (636, 30, '2025-08-22'), (637, 31, '2025-08-23'), (638, 32, '2025-08-24'),
(639, 33, '2025-08-25'), (640, 34, '2025-08-26'), (641, 35, '2025-08-27'), (642, 36, '2025-08-28'),
(643, 37, '2025-08-29'), (644, 38, '2025-08-30'), (645, 39, '2025-08-31'), (646, 40, '2025-09-01'),
(647, 41, '2025-09-02'), (648, 42, '2025-09-03'), (649, 43, '2025-09-04'), (650, 44, '2025-09-05'),
(651, 45, '2025-09-06'), (652, 46, '2025-09-07'), (653, 47, '2025-09-08'), (654, 48, '2025-09-09'),
(655, 49, '2025-09-10'), (656, 50, '2025-09-11'), (657, 51, '2025-09-12'), (658, 52, '2025-09-13'),
(659, 53, '2025-09-14'), (660, 54, '2025-09-15'), (661, 55, '2025-09-16'), (662, 56, '2025-09-17'),
(663, 57, '2025-09-18'), (664, 58, '2025-09-19'), (665, 59, '2025-09-20'), (666, 60, '2025-09-21'),
(667, 61, '2025-09-22'), (668, 62, '2025-09-23'), (669, 63, '2025-09-24'), (670, 64, '2025-09-25'),
(671, 65, '2025-09-26'), (672, 66, '2025-09-27'), (673, 67, '2025-09-28'), (674, 68, '2025-09-29'),
(675, 69, '2025-09-30'), (676, 70, '2025-10-01'), (677, 71, '2025-10-02'), (678, 72, '2025-10-03'),
(679, 73, '2025-10-04'), (680, 74, '2025-10-05'), (681, 75, '2025-10-06'), (682, 76, '2025-10-07'),
(683, 77, '2025-10-08'), (684, 78, '2025-10-09'), (685, 79, '2025-10-10'), (686, 80, '2025-10-11'),
(687, 81, '2025-10-12'), (688, 82, '2025-10-13'), (689, 83, '2025-10-14'), (690, 84, '2025-10-15'),
(691, 85, '2025-10-16'), (692, 86, '2025-10-17'), (693, 87, '2025-10-18'), (694, 88, '2025-10-19'),
(695, 89, '2025-10-20'), (696, 90, '2025-10-21'), (697, 91, '2025-10-22'), (698, 92, '2025-10-23'),
(699, 93, '2025-10-24'), (700, 94, '2025-10-25'), (701, 95, '2025-10-26'), (702, 96, '2025-10-27'),
(703, 97, '2025-10-28'), (704, 98, '2025-10-29'), (705, 99, '2025-10-30'), (706, 100, '2025-10-31');

-- Adicionando Itens de Venda (Amostra de 300)
INSERT INTO itens_venda (venda_id, jogo_id, preco_pago) VALUES
(507, 1007, 59.99), (508, 1010, 69.99), (509, 1012, 26.95), (510, 1013, 35.99),
(511, 1006, 69.99), (512, 1011, 59.99), (513, 1014, 49.99), (514, 1015, 59.99),
(515, 1016, 69.99), (516, 1017, 69.99), (517, 1021, 24.99), (518, 1022, 19.99),
(519, 1023, 14.99), (520, 1024, 39.99), (521, 1025, 30.00), (522, 1026, 9.99),
(523, 1027, 9.99), (524, 1028, 9.99), (525, 1029, 29.99), (526, 1030, 59.99),
(527, 1031, 9.99), (528, 1032, 39.99), (529, 1033, 59.99), (530, 1034, 19.99),
(531, 1035, 59.99), (532, 1036, 49.99), (533, 1037, 19.99), (534, 1038, 59.99),
(535, 1039, 29.99), (536, 1040, 69.99), (537, 1041, 59.99), (538, 1042, 59.99),
(539, 1044, 29.99), (540, 1045, 29.99), (541, 1046, 59.99), (542, 1048, 4.99),
(543, 1049, 13.99), (544, 1050, 19.99), (545, 1051, 9.99), (546, 1052, 39.99),
(547, 1055, 29.99), (548, 1012, 26.95), (549, 1026, 9.99), (550, 1045, 29.99),
(551, 1022, 19.99), (552, 1023, 14.99), (553, 1027, 9.99), (554, 1028, 9.99),
(555, 1051, 9.99), (556, 1011, 49.99), (557, 1031, 8.99), (558, 1041, 49.99),
(559, 1013, 39.99), (560, 1001, 39.99), (561, 1002, 59.99), (562, 1003, 59.99),
(563, 1004, 14.99), (564, 1005, 49.99), (565, 1008, 14.99), (566, 1009, 59.99),
(567, 1018, 0.00), (568, 1019, 69.99), (569, 1043, 0.00), (570, 1047, 0.00),
(571, 1053, 0.00), (572, 1054, 0.00), (573, 1007, 59.99), (574, 1010, 69.99),
(575, 1012, 26.95), (576, 1013, 39.99), (577, 1006, 69.99), (578, 1011, 59.99),
(579, 1014, 49.99), (580, 1015, 59.99), (581, 1016, 69.99), (582, 1017, 69.99),
(583, 1021, 24.99), (584, 1022, 19.99), (585, 1023, 14.99), (586, 1024, 39.99),
(587, 1025, 30.00), (588, 1026, 9.99), (589, 1027, 9.99), (590, 1028, 9.99),
(591, 1029, 29.99), (592, 1030, 59.99), (593, 1031, 9.99), (594, 1032, 39.99),
(595, 1033, 59.99), (596, 1034, 19.99), (597, 1035, 59.99), (598, 1036, 49.99),
(599, 1037, 19.99), (600, 1038, 59.99), (601, 1039, 29.99), (602, 1040, 69.99),
(603, 1041, 59.99), (604, 1042, 59.99), (605, 1044, 29.99), (606, 1045, 29.99),
(607, 1046, 59.99), (608, 1048, 4.99), (609, 1049, 13.99), (610, 1050, 19.99),
(611, 1051, 9.99), (612, 1052, 39.99), (613, 1055, 29.99), (614, 1012, 26.95),
(615, 1026, 9.99), (616, 1045, 29.99), (617, 1022, 19.99), (618, 1023, 14.99),
(619, 1027, 9.99), (620, 1028, 9.99), (621, 1051, 9.99), (622, 1011, 49.99),
(623, 1031, 8.99), (624, 1041, 49.99), (625, 1013, 39.99), (626, 1001, 39.99),
(627, 1002, 59.99), (628, 1003, 59.99), (629, 1004, 14.99), (630, 1005, 49.99);

-- Adicionando Novas Avaliações (Amostra de 150)
-- NOTA: Apenas clientes que compraram um jogo podem avaliá-lo.
-- Esta lista foi gerada para ser consistente com as vendas acima.
INSERT INTO avaliacoes (avaliacao_id, jogo_id, cliente_id, nota, data_avaliacao, comentario) VALUES
(906, 1007, 5, 5, '2025-02-01', 'Obra-prima!'),
(907, 1010, 6, 5, '2025-02-02', 'Incrivel, vale cada centavo.'),
(908, 1012, 7, 4, '2025-02-10', 'Muito divertido e relaxante.'),
(909, 1013, 8, 4, '2025-02-15', 'Um classico que todos deveriam jogar.'),
(910, 1006, 9, 5, '2025-02-20', 'Narrativa impecavel.'),
(911, 1011, 10, 3, '2025-02-25', 'Mundo gigante, mas as missoes sao repetitivas.'),
(912, 1014, 11, 5, '2025-03-01', 'Graficos e historia fantasticos.'),
(913, 1015, 12, 5, '2025-03-05', 'Melhor remake que ja joguei.'),
(914, 1016, 13, 4, '2025-03-10', 'Viciante, otimo com amigos.'),
(915, 1017, 14, 2, '2025-03-20', 'Esperava mais. Mundo vazio.'),
(916, 1021, 15, 5, '2025-03-25', 'Jogabilidade perfeita.'),
(917, 1022, 16, 5, '2025-04-01', 'Emocionante e desafiador.'),
(918, 1023, 17, 5, '2025-04-05', 'Arte e atmosfera incriveis.'),
(919, 1024, 18, 5, '2025-04-10', 'Unico. Uma experiencia.'),
(920, 1025, 19, 4, '2025-04-20', 'Complexo e muito recompensador.'),
(921, 1026, 20, 5, '2025-04-25', 'Horas e horas de conteudo.'),
(922, 1027, 1, 5, '2025-05-05', 'Genial.'),
(923, 1028, 2, 4, '2025-05-06', 'Caos e diversao com amigos.'),
(924, 1029, 3, 4, '2025-05-07', 'Historia muito boa.'),
(925, 1030, 4, 5, '2025-05-08', 'A melhor forma de jogar a trilogia.'),
(926, 1031, 21, 5, '2025-05-10', 'RPG no seu melhor.'),
(927, 1032, 22, 4, '2025-05-12', 'Acao frenetica e brutal.'),
(928, 1033, 23, 5, '2025-05-15', 'Combate sublime.'),
(929, 1034, 24, 5, '2025-05-18', 'Atmosfera de terror perfeita.'),
(930, 1035, 25, 4, '2025-05-20', 'O final de uma grande saga.'),
(931, 1036, 26, 5, '2025-05-22', 'Emocionante do inicio ao fim.'),
(932, 1037, 27, 4, '2025-05-25', 'Otima aventura.'),
(933, 1038, 28, 5, '2025-05-28', 'Estilo e musica fantasticos.'),
(934, 1039, 29, 4, '2025-06-01', 'Grind pode ser cansativo, mas vale a pena.'),
(935, 1040, 30, 4, '2025-06-05', 'Recriacao fiel e ambiciosa.'),
(936, 1041, 31, 4, '2025-06-10', 'Estrategia profunda.'),
(937, 1042, 32, 5, '2025-06-15', 'Tenso e desafiador.'),
(938, 1044, 33, 5, '2025-06-20', 'O melhor construtor de cidades.'),
(939, 1045, 34, 5, '2025-06-25', 'Lindo e aterrorizante.'),
(940, 1046, 35, 3, '2025-06-30', 'Melhorou muito com as atualizacoes.'),
(941, 1048, 36, 4, '2025-07-05', 'Divertido para desconfiar dos amigos.'),
(942, 1049, 37, 4, '2025-07-10', 'Sustos garantidos.'),
(943, 1050, 38, 5, '2025-07-15', 'Construir e explorar com amigos e otimo.'),
(944, 1051, 39, 4, '2025-07-20', 'Sandbox de criatividade infinita.'),
(945, 1052, 40, 3, '2025-07-25', 'Brutal, mas recompensador.'),
(946, 1055, 41, 5, '2025-07-30', 'Um classico.'),
(947, 1012, 42, 5, '2025-08-01', 'Meu jogo favorito de todos os tempos.'),
(948, 1026, 43, 5, '2025-08-05', 'Simples e perfeito.'),
(949, 1045, 44, 4, '2025-08-10', 'Me perdi nesse mundo submarino.'),
(950, 1022, 45, 5, '2025-08-15', 'Historia tocante.'),
(951, 1023, 46, 5, '2025-08-20', 'Combate e exploracao viciantes.'),
(952, 1027, 47, 5, '2025-08-25', 'Puzzles geniais e humor na medida certa.'),
(953, 1028, 48, 4, '2025-08-30', 'Ainda o melhor jogo de zumbis.'),
(954, 1051, 49, 3, '2025-09-01', 'A comunidade mantem o jogo vivo.'),
(955, 1011, 50, 4, '2025-09-05', 'A ambientacao e fantastica.');