1,1998,266,4,2025-06-03
2,292,1265,5,2025-03-23
3,1068,604,2,2025-04-10
4,192,81,2,2025-01-26
5,614,564,2,2025-03-19
6,1581,1432,2,2025-04-10
7,177,593,5,2025-02-16
8,1025,21,5,2024-10-14
9,1100,81,5,2025-01-03
10,1107,1148,5,2024-11-17
11,1033,1307,5,2025-01-23
12,641,1147,1,2025-04-18
13,1453,295,5,2025-06-09
14,792,381,2,2024-02-19
15,1703,291,5,2024-01-26
16,23,685,5,2024-10-04
17,409,977,3,2025-06-22
18,248,419,3,2025-03-27
19,1192,691,3,2024-02-25
20,241,40,1,2023-03-03
21,1775,237,1,2025-06-18
22,778,32,1,2024-11-15
23,263,318,2,2022-06-10
24,1349,95,2,2024-03-14
25,1422,1077,5,2025-06-11
26,828,446,4,2022-12-22
27,548,917,2,2025-06-18
28,855,636,1,2025-06-23
29,1089,880,3,2024-05-08
30,1652,765,5,2024-11-14
31,768,425,2,2024-04-25
32,155,944,3,2025-05-29
33,405,744,4,2025-03-09
34,1276,784,2,2025-04-15
35,933,1304,5,2025-03-16
36,730,4,1,2025-06-04
37,1551,905,2,2025-03-19
38,1782,741,2,2024-12-21
39,169,990,5,2024-06-25
40,1374,124,5,2025-03-03
41,1552,771,2,2024-12-11
42,1531,1304,1,2024-08-02
43,1306,355,2,2023-09-16
44,1881,519,2,2025-06-23
45,658,1472,3,2024-10-12
46,1705,1335,5,2024-12-10
47,1933,998,2,2024-05-08
48,1568,576,3,2025-06-19
49,1810,955,2,2024-05-02
50,426,799,2,2024-11-17
51,247,1480,5,2025-02-04
52,968,551,2,2025-03-05
53,1413,532,4,2025-04-29
54,1065,604,2,2025-04-07
55,1245,621,2,2025-05-18
56,55,25,4,2024-09-25
57,332,1182,1,2024-05-13
58,670,258,3,2024-08-10
59,538,241,5,2024-04-12
60,466,350,3,2025-01-03
61,780,129,4,2025-01-26
62,489,1286,3,2024-06-05
63,1425,589,1,2025-06-22
64,1380,1029,3,2022-11-27
65,1366,437,2,2024-07-30
66,440,850,2,2024-02-08
67,1298,1478,5,2024-11-27
68,568,1209,5,2025-02-12
69,14,1035,1,2024-03-01
70,828,528,4,2024-05-19
71,1664,651,4,2025-01-27
72,1612,587,2,2024-01-29
73,983,228,3,2023-08-08
74,1256,599,4,2025-04-10
75,1425,1156,3,2023-10-15
76,342,606,5,2025-04-02
77,1570,631,1,2024-10-15
78,716,1096,2,2025-05-10
79,115,523,4,2025-06-18
80,1414,730,4,2025-03-25
81,1013,392,1,2024-06-08
82,1884,1124,1,2024-09-20
83,943,1356,5,2024-09-18
84,1089,1281,3,2025-05-24
85,1884,329,2,2024-10-15
86,324,88,5,2025-06-21
87,1822,1287,1,2024-09-30
88,624,593,3,2024-08-06
89,881,985,3,2025-05-08
90,1257,920,2,2025-04-22
91,609,632,4,2025-03-03
92,568,1073,2,2024-09-08
93,1531,640,2,2024-06-28
94,1162,95,1,2024-10-19
95,1014,796,5,2025-05-12
96,1378,155,1,2023-12-29
97,1043,814,1,2024-07-10
98,285,701,1,2025-02-09
99,751,1415,3,2022-12-18
100,614,746,1,2025-05-31
101,222,961,4,2024-10-03
102,146,819,2,2025-05-15
103,355,1223,4,2024-12-19
104,18,1353,3,2023-12-02
105,363,1388,3,2025-06-23
106,1134,368,4,2024-10-31
107,1213,1112,2,2023-09-20
108,614,925,3,2024-10-15
109,937,388,2,2024-12-12
110,840,729,1,2024-01-12
111,73,1140,5,2025-05-11
112,1047,1335,1,2023-12-06
113,880,23,2,2025-04-05
114,357,478,5,2025-06-15
115,1553,970,5,2024-08-31
116,1045,293,4,2025-05-03
117,15,549,5,2025-06-17
118,1593,96,2,2024-10-15
119,1572,173,4,2025-05-12
120,425,1441,4,2024-10-19
121,976,41,1,2025-02-01
122,1979,1222,5,2025-03-25
123,802,207,1,2025-04-23
124,1821,1094,1,2023-06-24
125,646,344,2,2025-06-22
126,277,1233,1,2024-03-08
127,1393,958,1,2024-03-07
128,1494,775,2,2024-03-12
129,665,1043,2,2024-12-18
130,1619,1211,5,2025-02-14
131,307,1101,4,2023-11-15
132,1410,497,1,2025-03-27
133,566,675,2,2024-10-21
134,197,834,1,2025-06-04
135,1208,846,5,2025-01-25
136,2000,70,5,2024-11-19
137,1808,1440,1,2025-02-17
138,1439,909,5,2024-04-09
139,1027,574,4,2024-10-11
140,1919,114,4,2024-11-08
141,1484,486,2,2023-05-28
142,484,445,4,2025-06-18
143,1107,1098,3,2024-06-30
144,770,414,3,2025-03-04
145,618,1266,5,2025-06-05
146,242,1337,3,2025-02-21
147,1900,922,1,2025-05-26
148,1499,1321,2,2025-03-22
149,501,103,2,2023-10-03
150,1783,918,2,2024-08-25
151,1745,1116,1,2025-03-24
152,859,350,3,2025-04-21
153,1553,527,1,2025-05-04
154,760,1408,3,2025-05-27
155,161,598,1,2025-02-09
156,1793,445,4,2025-06-09
157,1925,1272,3,2023-06-27
158,360,839,1,2024-09-27
159,698,1044,5,2025-02-14
160,1874,790,2,2025-06-17
161,816,283,5,2024-10-25
162,620,908,5,2024-07-16
163,975,665,4,2024-03-18
164,1012,1037,5,2025-05-23
165,38,256,5,2024-10-27
166,727,1303,2,2025-04-10
167,872,815,5,2025-02-20
168,62,1419,1,2025-04-29
169,1073,1239,1,2025-05-17
170,1173,879,5,2023-05-30
171,597,1171,1,2024-03-28
172,910,689,2,2023-08-23
173,1301,132,5,2024-05-09
174,1971,675,2,2025-05-18
175,1476,932,3,2025-06-02
176,1712,65,1,2025-06-18
177,369,325,2,2025-06-12
178,1920,194,2,2024-03-01
179,1091,830,5,2024-08-24
180,605,996,1,2024-10-25
181,1515,690,5,2025-01-16
182,579,244,3,2024-04-28
183,129,1258,4,2025-04-29
184,438,585,4,2025-03-09
185,1801,956,4,2025-04-14
186,1163,695,5,2024-11-12
187,948,1211,3,2023-01-02
188,1880,671,4,2024-05-22
189,846,551,3,2025-06-09
190,1541,1331,1,2024-12-03
191,793,994,4,2024-07-02
192,397,1368,3,2024-02-14
193,1736,382,1,2022-12-14
194,668,377,1,2025-03-13
195,976,1372,3,2024-06-04
196,1200,1353,1,2025-04-25
197,715,1182,5,2025-02-01
198,818,1143,5,2024-04-16
199,873,839,4,2025-02-03
200,1601,606,1,2024-03-12
201,832,765,5,2025-02-10
202,1377,864,4,2025-05-31
203,223,1310,4,2025-06-12
204,834,918,5,2025-03-03
205,1921,707,4,2025-02-27
206,1192,830,2,2025-05-04
207,1139,1108,5,2024-04-28
208,106,1043,5,2024-07-30
209,550,864,2,2025-05-29
210,1708,217,4,2025-03-31
211,1763,243,2,2025-04-26
212,638,456,2,2024-01-05
213,452,235,3,2025-04-01
214,1976,1236,5,2022-12-13
215,1556,140,1,2025-02-26
216,794,1178,5,2025-06-13
217,1168,248,5,2025-05-24
218,930,1227,2,2025-03-16
219,1789,1111,4,2025-02-18
220,381,1266,1,2023-01-13
221,1513,376,4,2025-04-26
222,1795,189,5,2024-11-28
223,1087,950,1,2025-04-04
224,285,617,4,2025-01-08
225,425,72,2,2025-05-18
226,308,973,2,2024-09-26
227,84,1168,4,2025-04-11
228,140,149,5,2024-11-27
229,103,1138,2,2025-04-09
230,724,1207,5,2024-12-02
231,929,1196,3,2024-11-10
232,329,1415,2,2022-05-15
233,1332,846,2,2024-04-28
234,634,621,4,2024-06-12
235,811,323,5,2025-05-10
236,334,450,4,2024-01-10
237,1628,664,3,2024-04-04
238,1740,1432,2,2025-04-25
239,1623,527,3,2024-10-02
240,548,1108,5,2024-07-18
241,1649,1471,5,2024-01-16
242,1697,251,1,2024-11-20
243,88,861,1,2024-11-11
244,1341,809,1,2025-06-02
245,73,1371,2,2025-04-11
246,1288,786,5,2024-09-08
247,816,9,3,2025-03-22
248,770,1128,2,2024-02-11
249,804,324,2,2025-06-02
250,1606,641,3,2024-08-04
251,581,804,1,2025-06-17
252,406,1130,1,2025-05-16
253,889,1125,5,2025-06-05
254,1075,1343,4,2024-06-19
255,540,215,5,2024-01-28
256,1883,1375,5,2025-03-17
257,1060,1295,2,2024-11-26
258,1504,1009,5,2024-11-28
259,1901,925,5,2025-04-29
260,940,1018,4,2024-10-18
261,19,352,4,2025-02-01
262,1329,686,1,2024-11-25
263,1152,1370,4,2025-05-23
264,1092,1367,3,2025-02-19
265,1697,117,2,2025-06-04
266,646,948,3,2025-03-24
267,564,1091,5,2024-12-03
268,240,1276,4,2024-04-22
269,190,1076,5,2024-06-16
270,420,28,3,2025-04-17
271,1158,1359,2,2025-06-01
272,1174,110,2,2024-05-24
273,594,1411,5,2025-03-06
274,373,1223,2,2025-06-05
275,791,521,3,2024-07-27
276,1365,1051,3,2025-06-03
277,846,458,3,2025-06-23
278,1763,1178,1,2024-10-02
279,1565,849,4,2024-01-27
280,796,723,1,2022-10-01
281,1517,360,3,2025-03-13
282,1971,1222,3,2024-09-19
283,1746,512,3,2025-06-02
284,1665,1381,2,2025-05-02
285,545,95,2,2024-02-20
286,735,217,2,2024-01-23
287,747,104,5,2023-07-07
288,87,973,4,2024-05-30
289,139,249,5,2023-10-31
290,1747,1412,5,2025-03-30
291,1064,312,1,2024-07-17
292,1166,796,2,2024-08-30
293,1646,1336,5,2024-10-05
294,1556,1070,5,2025-03-04
295,36,1285,1,2025-01-15
296,1190,766,4,2025-06-12
297,1701,1109,1,2025-04-25
298,482,1048,4,2025-01-22
299,406,481,1,2025-04-26
300,1019,806,4,2025-04-27
301,787,608,5,2024-09-14
302,8,243,3,2025-06-08
303,1922,1031,3,2025-04-01
304,705,1352,4,2024-12-29
305,1416,210,1,2024-11-21
306,84,1376,1,2025-02-13
307,1083,327,3,2025-06-12
308,185,104,1,2023-05-06
309,550,419,2,2024-04-16
310,73,286,4,2025-05-20
311,1126,1450,3,2025-02-06
312,424,574,4,2024-08-09
313,251,1000,4,2024-09-09
314,500,1096,4,2025-01-06
315,613,1465,5,2024-08-16
316,314,705,5,2025-01-28
317,1648,832,3,2024-11-14
318,1015,1101,3,2022-11-09
319,1105,1063,3,2024-03-15
320,1186,411,4,2024-11-10
321,114,1376,5,2024-12-08
322,1823,487,3,2024-08-01
323,1524,235,2,2024-05-28
324,461,1129,3,2024-08-20
325,727,649,1,2023-11-08
326,1107,1392,2,2025-06-21
327,1502,721,2,2025-06-07
328,1467,468,2,2025-04-23
329,692,21,4,2025-03-25
330,424,9,3,2025-05-15
331,400,183,2,2024-12-15
332,1230,1182,2,2025-04-10
333,203,224,3,2025-05-07
334,1881,542,2,2023-11-13
335,1878,1496,5,2025-06-23
336,89,1088,2,2024-02-26
337,1684,871,5,2023-07-21
338,1914,342,3,2023-11-15
339,1395,1282,4,2025-05-20
340,1045,825,3,2024-11-26
341,796,909,5,2024-05-30
342,697,354,1,2025-05-14
343,895,1117,2,2024-11-28
344,1981,932,4,2025-02-27
345,509,994,1,2023-12-21
346,1074,763,5,2023-08-15
347,1960,447,3,2025-05-06
348,299,68,5,2025-06-04
349,395,809,1,2024-12-21
350,1740,189,4,2025-04-20
351,1957,1065,5,2025-01-22
352,943,1429,3,2024-08-17
353,226,1453,4,2025-01-01
354,402,1357,2,2024-07-31
355,815,480,2,2025-02-18
356,1435,229,5,2025-04-02
357,1578,1072,1,2023-11-23
358,1342,970,1,2025-05-09
359,1753,580,5,2024-10-25
360,937,835,4,2025-03-13
361,1066,980,4,2025-04-03
362,1335,703,4,2023-08-25
363,79,82,2,2024-11-30
364,1061,1455,3,2025-06-18
365,258,545,4,2024-06-09
366,1807,822,5,2025-06-14
367,921,292,5,2024-10-11
368,102,1026,5,2025-02-05
369,1217,1239,4,2024-07-14
370,844,292,1,2025-06-19
371,108,1215,1,2025-02-09
372,1008,615,4,2025-06-20
373,459,867,1,2025-06-22
374,1905,688,3,2023-08-29
375,722,54,5,2025-04-25
376,1033,1268,2,2025-03-10
377,1313,541,3,2023-12-22
378,82,651,1,2025-03-15
379,1133,1160,4,2025-06-10
380,1041,925,4,2024-10-20
381,882,1483,1,2025-01-16
382,1942,642,4,2025-04-03
383,1168,727,4,2024-10-19
384,237,1087,5,2024-05-12
385,705,1172,2,2025-05-29
386,1185,291,4,2024-04-21
387,594,767,5,2025-03-03
388,723,367,5,2023-11-09
389,1738,213,3,2025-04-12
390,1699,920,1,2023-09-15
391,103,1029,4,2022-10-17
392,681,367,1,2024-05-10
393,1034,1035,5,2024-03-10
394,1779,1410,3,2025-05-16
395,931,899,5,2023-10-26
396,950,770,5,2025-05-08
397,922,946,1,2024-11-28
398,964,1160,3,2025-01-27
399,56,1013,3,2025-01-22
400,1185,1161,5,2024-04-06
401,984,1124,1,2025-05-03
402,556,703,5,2024-09-07
403,430,310,3,2025-01-15
404,725,419,5,2025-06-20
405,623,1446,5,2025-06-22
406,1204,123,5,2025-06-23
407,1879,1280,2,2024-12-03
408,966,628,1,2024-01-24
409,233,1161,5,2025-04-30
410,1025,347,4,2023-09-21
411,72,172,4,2024-06-18
412,1249,1305,2,2025-03-08
413,580,576,5,2025-04-14
414,230,543,1,2025-01-20
415,570,1047,5,2025-05-12
416,221,286,1,2025-01-22
417,1818,1209,5,2023-12-27
418,1098,918,2,2024-08-31
419,533,350,5,2025-02-06
420,1113,1172,2,2024-09-16
421,557,1029,3,2023-10-13
422,1672,1396,1,2025-03-10
423,1830,569,5,2025-04-20
424,1969,114,5,2025-04-23
425,1425,481,5,2025-06-22
426,1489,483,2,2025-03-21
427,1817,601,3,2025-01-26
428,1343,646,1,2024-07-10
429,1042,1094,4,2023-12-13
430,989,338,2,2025-01-05
431,454,554,4,2023-09-11
432,1854,1335,1,2024-11-22
433,751,1410,5,2025-04-25
434,217,949,3,2024-11-04
435,277,622,5,2025-03-24
436,1675,468,2,2025-04-04
437,459,450,3,2025-03-08
438,1023,908,5,2025-02-01
439,209,504,5,2023-08-28
440,79,761,5,2025-04-17
441,1398,699,5,2024-08-17
442,325,4,1,2024-05-15
443,1584,342,1,2025-01-31
444,1947,1097,1,2024-12-13
445,1352,551,5,2025-05-11
446,1679,1428,5,2025-06-16
447,644,182,2,2024-12-05
448,1710,1022,5,2025-02-25
449,1408,1073,2,2024-10-15
450,836,429,2,2025-01-17
451,1109,1207,4,2024-06-11
452,1538,106,5,2025-04-09
453,1944,438,3,2025-03-17
454,1188,651,2,2025-01-27
455,487,636,1,2025-05-29
456,4,372,3,2025-06-12
457,1188,1060,3,2025-03-10
458,1354,262,1,2025-03-12
459,853,975,4,2025-05-04
460,1673,1381,3,2025-05-30
461,1014,1068,1,2025-06-19
462,1945,59,5,2025-06-05
463,221,475,4,2024-11-28
464,1414,578,3,2023-12-06
465,850,27,4,2024-10-18
466,350,44,2,2024-07-02
467,564,775,4,2024-03-10
468,1075,377,4,2024-05-20
469,161,1286,5,2024-06-14
470,1533,56,2,2025-02-03
471,354,890,2,2025-06-18
472,1143,599,5,2025-03-14
473,1494,888,3,2023-11-02
474,460,242,5,2025-01-28
475,1998,1236,1,2025-03-22
476,1170,1499,1,2024-08-30
477,1533,1322,3,2024-12-30
478,239,30,5,2025-04-24
479,607,251,1,2024-12-21
480,1427,754,5,2024-05-16
481,1830,798,1,2025-06-18
482,1615,1250,3,2025-04-26
483,1601,866,3,2025-01-02
484,1006,1289,3,2023-09-04
485,1965,868,5,2024-01-28
486,1058,848,2,2025-03-31
487,1593,1262,3,2025-01-01
488,811,1376,4,2025-06-17
489,1008,317,4,2024-07-30
490,1312,885,5,2024-12-26
491,74,1051,3,2025-01-05
492,760,831,4,2023-02-09
493,996,370,4,2025-04-27
494,697,104,2,2023-08-03
495,218,522,2,2025-03-10
496,1807,698,1,2025-04-23
497,1408,181,5,2025-04-27
498,1227,279,1,2024-02-09
499,1711,548,4,2025-06-23
500,253,899,2,2022-12-03
501,93,1236,5,2024-08-29
502,1632,380,3,2024-04-18
503,897,1009,2,2022-12-09
504,347,1180,5,2024-03-01
505,1784,656,4,2025-04-09
506,492,21,1,2025-03-26
507,1648,1179,1,2024-04-22
508,916,771,1,2025-03-06
509,1449,1472,4,2025-06-09
510,1469,575,4,2025-05-03
511,439,321,5,2025-03-20
512,133,394,3,2025-05-11
513,1685,1070,2,2024-07-01
514,1796,31,4,2025-05-28
515,1274,1080,2,2023-07-23
516,1893,103,1,2025-06-08
517,1129,759,1,2024-07-13
518,590,526,1,2024-10-09
519,589,1163,3,2025-05-24
520,942,802,5,2024-11-01
521,336,1321,1,2024-09-17
522,3,1171,2,2025-02-01
523,785,1186,5,2025-05-31
524,849,288,4,2025-02-16
525,1854,6,2,2024-05-02
526,1962,1429,2,2025-03-07
527,237,1217,5,2025-02-24
528,1771,1073,1,2025-05-30
529,1775,955,1,2023-07-14
530,852,252,2,2024-06-05
531,845,231,3,2024-03-14
532,16,3,5,2025-04-09
533,1082,1287,3,2024-09-24
534,1733,856,3,2025-01-26
535,1882,862,2,2025-02-03
536,58,491,2,2025-06-17
537,398,1087,3,2024-03-26
538,1644,714,2,2024-05-26
539,390,360,4,2025-04-14
540,1556,636,2,2025-05-29
541,1821,146,5,2024-07-22
542,1807,1020,2,2025-03-06
543,713,290,4,2024-05-03
544,1095,951,5,2025-02-18
545,1054,1219,3,2022-02-18
546,1558,628,1,2024-03-10
547,1184,806,3,2025-05-15
548,992,1491,1,2024-12-25
549,272,204,4,2025-06-12
550,1897,983,5,2025-03-12
551,1167,718,2,2024-08-31
552,1100,449,4,2024-12-10
553,1755,1282,2,2025-03-23
554,1750,1500,5,2024-04-08
555,1913,1357,5,2023-04-11
556,805,1029,2,2024-10-29
557,528,859,3,2025-06-13
558,1065,761,4,2024-05-25
559,17,1270,1,2025-04-12
560,903,1023,1,2023-12-21
561,823,164,5,2023-11-23
562,1787,1154,2,2024-11-10
563,1893,1156,5,2024-03-27
564,1087,88,2,2025-05-01
565,394,409,5,2025-06-14
566,462,404,4,2025-04-27
567,474,1209,1,2025-05-13
568,763,846,3,2025-04-06
569,1665,68,3,2025-03-27
570,1296,1440,5,2024-08-26
571,467,88,1,2024-10-30
572,506,1285,5,2023-12-11
573,199,427,1,2024-10-28
574,23,189,4,2024-07-31
575,733,795,4,2025-03-14
576,735,97,2,2025-05-27
577,1121,688,4,2023-10-21
578,883,140,1,2025-01-11
579,1657,131,2,2024-10-08
580,1244,539,5,2024-05-08
581,472,50,3,2025-05-31
582,1747,212,2,2023-12-22
583,777,918,5,2025-01-24
584,690,562,1,2024-07-14
585,1978,379,3,2025-05-15
586,56,756,2,2024-05-08
587,1457,779,4,2025-05-09
588,1346,228,2,2024-03-26
589,957,872,4,2024-12-04
590,1228,629,4,2025-01-10
591,218,590,3,2025-06-22
592,1612,242,3,2025-03-28
593,847,1229,4,2024-05-07
594,1016,655,2,2024-10-24
595,839,965,5,2025-05-27
596,34,784,4,2025-06-12
597,1129,157,5,2025-01-19
598,539,1081,3,2024-08-18
599,1321,1461,4,2024-07-16
600,1623,1353,2,2023-09-04
601,1872,631,4,2025-01-08
602,1753,1047,4,2024-01-03
603,477,195,3,2024-02-14
604,1237,1487,5,2025-04-12
605,233,626,2,2024-08-22
606,1182,1431,5,2025-04-28
607,1231,675,5,2025-03-30
608,297,765,1,2025-02-12
609,243,1265,5,2024-06-04
610,1872,146,2,2024-04-18
611,179,452,1,2022-10-18
612,670,200,3,2024-07-24
613,334,1496,1,2025-03-18
614,1947,2,1,2023-11-15
615,602,405,5,2024-10-08
616,1026,1365,3,2025-03-01
617,653,964,4,2024-09-11
618,256,1276,2,2024-09-02
619,738,819,3,2025-01-08
620,895,1128,5,2023-02-25
621,1828,1268,3,2025-03-13
622,1487,342,4,2025-06-11
623,525,901,1,2025-05-16
624,460,1391,5,2025-05-15
625,509,1261,1,2024-06-19
626,904,1434,3,2025-02-27
627,1593,405,5,2024-10-13
628,328,236,3,2024-12-08
629,59,159,3,2024-07-02
630,527,557,3,2025-01-18
631,1049,1345,3,2024-04-24
632,1651,192,1,2024-04-30
633,1450,1449,5,2025-02-12
634,1663,101,5,2024-06-16
635,597,517,1,2025-03-18
636,214,850,3,2024-10-17
637,1590,846,2,2025-06-20
638,1116,793,1,2025-02-06
639,873,1337,1,2024-11-17
640,887,140,5,2024-06-08
641,1236,869,5,2024-02-12
642,41,1209,3,2024-09-16
643,732,349,1,2025-06-10
644,716,212,5,2023-11-25
645,1021,296,2,2025-01-14
646,1610,784,5,2025-06-02
647,667,1055,4,2024-10-16
648,183,1480,3,2025-03-27
649,559,719,1,2025-02-02
650,1729,1485,5,2024-03-29
651,623,1278,3,2024-09-14
652,693,16,2,2024-10-20
653,79,141,2,2024-01-07
654,602,752,5,2025-02-09
655,450,456,3,2025-03-04
656,1645,836,4,2024-08-05
657,1278,1483,3,2024-11-23
658,64,618,3,2025-06-10
659,883,590,3,2024-12-22
660,175,148,3,2025-06-05
661,757,1491,4,2024-01-05
662,1089,715,3,2023-10-12
663,1558,174,1,2024-12-24
664,1156,1126,5,2024-01-25
665,665,261,4,2024-03-08
666,1694,999,2,2025-05-10
667,61,1413,3,2025-06-11
668,957,44,1,2024-03-20
669,685,267,3,2023-09-22
670,1791,13,4,2023-12-20
671,1848,766,4,2025-05-13
672,114,851,1,2023-12-02
673,1444,1286,2,2025-05-23
674,1179,1029,4,2024-06-04
675,1929,809,1,2025-04-06
676,1720,1453,3,2025-05-31
677,1598,1326,5,2025-05-14
678,1650,787,1,2025-06-08
679,1147,514,3,2024-12-17
680,568,242,3,2024-12-30
681,1177,46,5,2025-05-05
682,782,641,3,2025-06-08
683,1501,1289,2,2024-08-27
684,78,1324,3,2025-06-23
685,1042,1043,3,2023-09-17
686,550,738,5,2024-12-16
687,155,973,5,2023-08-14
688,265,1095,3,2025-06-11
689,79,209,5,2024-09-21
690,1280,675,5,2025-03-06
691,922,878,4,2023-04-25
692,1695,1244,4,2025-01-18
693,19,696,4,2024-07-31
694,1537,604,5,2025-06-11
695,1954,91,3,2024-06-25
696,1412,11,3,2025-06-17
697,1803,426,1,2025-05-15
698,167,69,3,2024-09-28
699,14,119,4,2024-12-15
700,1042,1423,1,2024-07-02
701,1293,554,1,2025-04-22
702,1379,172,5,2025-03-07
703,1219,1191,2,2025-05-22
704,469,535,4,2024-07-17
705,141,852,1,2025-05-15
706,592,42,2,2024-09-10
707,1185,224,4,2024-02-20
708,690,1304,2,2024-01-02
709,272,809,3,2024-10-19
710,820,640,5,2023-09-05
711,1305,895,2,2023-09-12
712,1362,649,1,2025-05-28
713,1789,238,3,2024-06-01
714,1599,1343,1,2024-08-16
715,233,747,1,2025-05-07
716,1267,811,2,2024-12-27
717,1210,1215,5,2025-05-20
718,1228,1440,1,2025-06-05
719,1659,999,1,2025-02-03
720,522,1143,2,2025-01-14
721,1114,174,3,2025-03-13
722,153,1207,3,2025-01-29
723,1387,500,5,2024-05-24
724,1770,785,1,2025-04-18
725,811,321,3,2024-02-08
726,177,1415,1,2022-11-27
727,1664,1080,1,2024-07-12
728,957,1275,5,2024-01-31
729,1808,1324,2,2025-05-18
730,1120,859,2,2025-06-22
731,1936,851,5,2024-10-10
732,1756,866,1,2025-03-07
733,320,1190,5,2024-09-30
734,1496,902,3,2025-06-14
735,1872,993,5,2024-11-12
736,369,1122,3,2025-05-22
737,1567,442,5,2025-02-02
738,160,193,1,2025-01-02
739,583,499,5,2024-11-18
740,1627,1124,3,2025-05-11
741,566,1009,3,2025-05-18
742,387,547,4,2023-08-17
743,898,1323,4,2024-12-29
744,1745,403,2,2025-06-06
745,795,1084,1,2025-04-03
746,281,59,4,2025-04-30
747,218,715,4,2025-05-01
748,1534,670,3,2025-05-26
749,373,1362,2,2025-05-26
750,767,115,2,2024-05-01
751,214,558,1,2025-06-13
752,188,918,4,2025-03-06
753,1349,147,4,2025-05-06
754,714,215,5,2025-05-18
755,1458,784,2,2025-06-11
756,483,661,4,2024-10-30
757,1190,532,1,2025-01-03
758,39,22,3,2023-12-09
759,1946,1200,3,2024-08-12
760,1112,1123,3,2024-11-27
761,1971,902,4,2025-05-18
762,1354,1057,4,2024-11-16
763,1578,597,4,2025-04-04
764,980,1140,4,2024-12-11
765,257,914,5,2024-12-31
766,812,1408,4,2025-06-17
767,1564,695,4,2025-04-08
768,369,589,2,2025-05-24
769,115,845,5,2024-02-21
770,653,1367,4,2025-05-08
771,801,694,1,2025-05-27
772,181,477,2,2024-09-29
773,611,716,1,2024-03-20
774,1047,589,1,2025-06-18
775,1875,1160,4,2023-06-16
776,443,868,2,2023-03-16
777,660,982,5,2025-05-09
778,327,1453,2,2024-06-27
779,1799,67,3,2024-03-02
780,1088,295,2,2025-04-02
781,1702,1021,1,2022-08-10
782,1241,1119,5,2025-02-24
783,548,342,1,2025-04-30
784,588,1350,1,2025-05-26
785,1762,230,3,2025-04-22
786,1023,142,1,2025-03-20
787,738,530,1,2025-03-10
788,1538,446,2,2025-01-23
789,301,1310,2,2025-05-08
790,1945,1205,2,2024-12-03
791,878,991,2,2025-01-17
792,685,158,4,2025-06-07
793,1247,791,5,2025-06-18
794,1454,117,1,2024-06-30
795,1443,932,4,2025-03-31
796,830,1119,5,2025-04-22
797,492,655,5,2023-12-26
798,1318,1488,3,2023-09-27
799,990,918,4,2025-03-28
800,1247,868,2,2025-05-14
801,815,872,4,2024-10-06
802,1999,1055,2,2025-03-04
803,43,304,2,2025-05-04
804,1675,142,1,2023-06-02
805,1930,438,2,2024-12-17
806,137,1357,2,2024-01-08
807,967,666,3,2025-02-12
808,269,984,3,2023-08-11
809,915,910,2,2024-05-14
810,1187,872,2,2025-01-09
811,640,876,4,2025-05-08
812,302,212,2,2025-05-10
813,1407,1029,3,2023-11-30
814,808,1265,1,2024-11-16
815,147,586,1,2025-06-08
816,240,357,2,2025-04-20
817,999,1211,2,2024-11-29
818,91,66,1,2025-03-17
819,1735,1056,4,2025-04-20
820,1705,272,1,2025-03-27
821,1929,1006,4,2025-06-20
822,1015,1091,2,2025-03-19
823,1368,651,3,2025-02-28
824,1160,551,2,2023-07-02
825,594,955,5,2025-02-27
826,1177,123,5,2025-05-29
827,1670,52,2,2024-11-25
828,374,1327,1,2024-07-07
829,1003,380,1,2025-01-25
830,1211,1340,2,2024-07-02
831,1655,894,5,2025-04-13
832,337,848,3,2024-05-19
833,1582,1234,3,2025-04-30
834,1415,1293,2,2025-03-11
835,722,106,5,2025-06-07
836,1293,705,2,2024-07-24
837,539,561,1,2024-11-18
838,1535,1048,2,2025-03-21
839,417,109,2,2025-02-01
840,1781,1379,2,2025-06-02
841,1495,1064,2,2025-03-01
842,644,520,1,2025-04-28
843,635,1484,1,2025-05-07
844,1634,991,5,2024-07-04
845,459,306,1,2024-03-27
846,54,42,2,2024-03-23
847,1160,1370,2,2025-06-06
848,1750,827,2,2024-12-09
849,733,118,5,2024-06-13
850,48,764,4,2024-12-04
851,361,567,1,2023-10-31
852,1776,1119,2,2024-08-01
853,1813,567,4,2024-03-28
854,1825,308,4,2024-12-25
855,1564,753,3,2024-09-03
856,1744,652,2,2024-10-03
857,1653,307,1,2025-05-05
858,994,894,3,2025-06-23
859,1361,1444,2,2025-05-21
860,236,652,3,2024-11-14
861,486,1289,2,2023-09-18
862,3,949,1,2025-05-06
863,1893,1204,1,2024-07-19
864,1808,281,1,2023-08-17
865,212,172,2,2025-06-15
866,1699,949,4,2025-06-16
867,1818,383,3,2025-03-18
868,1512,284,5,2024-09-04
869,1374,897,4,2025-02-27
870,1772,835,2,2024-07-29
871,329,270,5,2025-05-26
872,715,112,3,2025-06-14
873,1412,9,5,2024-12-14
874,1665,134,4,2024-10-23
875,1123,919,5,2024-10-19
876,1413,1181,3,2025-01-28
877,518,338,2,2025-03-14
878,1370,298,1,2024-12-11
879,1864,335,5,2024-12-04
880,1646,199,4,2024-08-26
881,1193,805,5,2025-05-21
882,746,1073,4,2024-09-19
883,699,660,4,2025-06-09
884,1597,295,3,2025-06-19
885,1955,291,1,2024-05-04
886,857,1255,4,2024-09-23
887,38,250,3,2024-09-27
888,709,1252,2,2025-06-03
889,329,1203,5,2024-05-27
890,1526,1277,5,2025-04-23
891,266,931,3,2025-02-17
892,1608,236,2,2024-02-21
893,52,1068,5,2025-06-06
894,918,520,3,2025-05-02
895,1475,1335,3,2024-10-30
896,1745,45,4,2024-06-16
897,916,377,5,2024-05-31
898,409,6,5,2025-06-06
899,1235,1454,2,2025-05-07
900,881,328,4,2025-06-18
901,1081,172,3,2024-11-20
902,1011,358,5,2022-08-15
903,188,697,2,2025-03-31
904,1688,1093,1,2025-01-04
905,1316,1182,3,2023-01-23
906,1720,1304,1,2024-10-13
907,1804,560,3,2025-04-25
908,1376,1093,2,2024-10-29
909,656,184,5,2023-07-27
910,830,1327,3,2023-01-21
911,1364,794,2,2024-07-04
912,1729,549,3,2024-12-25
913,1745,1381,4,2025-01-14
914,86,852,3,2024-10-23
915,360,932,1,2024-10-12
916,581,967,1,2025-06-03
917,405,1474,5,2025-03-31
918,682,1100,1,2025-01-31
919,1590,1496,2,2025-06-08
920,251,629,3,2025-04-09
921,1928,1254,3,2024-09-23
922,1046,144,4,2025-03-01
923,1161,1347,3,2024-04-16
924,309,1375,2,2025-05-12
925,1982,639,5,2023-02-05
926,432,1204,5,2025-03-10
927,675,372,2,2025-02-13
928,112,805,5,2025-06-16
929,962,468,5,2024-07-11
930,922,19,2,2024-12-11
931,1359,922,5,2024-10-22
932,1924,859,1,2025-06-21
933,466,1338,5,2024-08-30
934,299,132,4,2024-08-23
935,338,95,4,2024-07-18
936,939,895,5,2024-10-04
937,1305,385,1,2025-04-12
938,1093,272,2,2025-05-15
939,541,986,3,2025-04-26
940,1238,863,3,2023-12-17
941,419,1390,2,2024-10-10
942,682,229,5,2024-11-02
943,826,344,1,2025-06-18
944,1984,1099,2,2025-06-19
945,525,842,1,2024-07-29
946,738,788,2,2025-05-23
947,380,817,1,2025-01-16
948,762,1301,4,2024-01-11
949,490,295,4,2024-07-29
950,520,232,2,2024-08-26
951,1043,1267,2,2025-06-07
952,1372,1484,4,2025-04-28
953,1950,585,2,2025-01-18
954,594,104,2,2025-06-04
955,971,692,1,2025-06-16
956,1187,851,1,2024-05-18
957,1518,416,3,2025-02-02
958,627,1168,1,2025-06-14
959,1354,417,5,2024-11-21
960,551,1252,4,2024-01-19
961,459,900,1,2025-03-03
962,576,1381,1,2023-04-02
963,688,1483,3,2024-05-28
964,1851,811,4,2025-05-07
965,401,375,1,2024-12-18
966,673,492,3,2025-05-22
967,1851,1270,3,2025-03-31
968,1161,1071,3,2025-06-12
969,154,800,1,2024-11-15
970,1560,317,2,2024-04-05
971,627,588,5,2025-03-28
972,687,1427,4,2025-04-14
973,1172,384,1,2023-11-30
974,778,1032,3,2025-05-14
975,1304,1363,2,2024-11-19
976,1619,143,3,2025-04-07
977,1229,1245,2,2024-09-08
978,1317,747,5,2025-05-09
979,1415,85,3,2025-02-11
980,691,1294,3,2025-05-06
981,301,164,3,2025-04-28
982,298,488,4,2024-11-30
983,876,821,1,2025-05-27
984,867,1052,3,2024-05-21
985,187,1067,2,2023-09-07
986,1786,1083,1,2022-12-09
987,677,479,3,2023-07-28
988,1035,226,3,2025-06-20
989,537,737,2,2025-04-02
990,695,563,2,2024-07-17
991,1578,1226,3,2025-03-06
992,1298,644,5,2023-10-23
993,1538,950,1,2025-02-22
994,963,1031,1,2025-03-22
995,484,1131,1,2024-11-19
996,1970,528,1,2025-03-28
997,766,1103,3,2025-02-20
998,1998,841,1,2024-08-22
999,31,1416,3,2025-05-07
1000,1338,386,1,2025-05-29
1001,828,1139,5,2025-05-08
1002,1553,1056,4,2024-07-14
1003,949,581,5,2024-02-15
1004,693,1247,1,2023-10-25
1005,1311,169,1,2024-10-21
1006,700,842,2,2024-04-07
1007,74,464,5,2023-02-26
1008,511,761,1,2024-07-10
1009,746,1001,3,2024-04-18
1010,1703,498,5,2024-10-22
1011,366,359,2,2024-06-20
1012,1250,381,1,2025-02-10
1013,1798,41,1,2025-04-27
1014,1301,1352,2,2025-03-27
1015,947,208,2,2025-05-17
1016,1879,419,2,2024-10-14
1017,483,190,5,2023-06-04
1018,1885,1130,2,2025-06-22
1019,159,102,1,2024-12-07
1020,1188,427,4,2025-04-03
1021,1194,1454,4,2024-10-25
1022,102,636,4,2023-12-21
1023,286,1121,2,2025-01-11
1024,233,872,5,2025-05-27
1025,609,140,1,2024-04-10
1026,1990,85,3,2025-03-13
1027,142,319,2,2024-09-01
1028,335,236,4,2025-06-21
1029,976,1443,3,2025-06-16
1030,1087,204,2,2025-03-27
1031,1152,452,4,2025-05-06
1032,538,532,5,2025-06-16
1033,664,201,4,2025-01-19
1034,1163,1467,4,2024-09-28
1035,715,749,3,2024-12-05
1036,1404,575,4,2024-11-14
1037,1261,331,2,2025-05-09
1038,1250,1161,2,2024-11-02
1039,1725,69,4,2025-06-05
1040,1509,448,4,2025-05-14
1041,1848,1392,5,2025-06-12
1042,1375,887,5,2023-11-13
1043,1857,479,4,2025-06-15
1044,1450,662,1,2024-03-12
1045,588,1485,1,2024-11-06
1046,1247,153,1,2025-05-12
1047,319,869,5,2025-06-13
1048,454,1013,1,2024-12-09
1049,920,474,4,2025-03-22
1050,381,1012,2,2025-03-05
1051,1405,1052,2,2023-02-08
1052,1602,435,3,2025-06-19
1053,11,1444,4,2025-06-12
1054,1913,635,5,2025-06-23
1055,813,765,4,2025-03-16
1056,637,809,4,2025-05-11
1057,565,771,1,2025-06-21
1058,403,773,3,2024-11-07
1059,508,979,3,2025-04-30
1060,724,12,1,2024-08-25
1061,1868,1445,3,2025-04-25
1062,776,1195,2,2023-05-08
1063,1417,24,3,2023-11-26
1064,956,585,1,2024-07-16
1065,1489,184,2,2024-07-24
1066,1760,416,3,2025-04-14
1067,1752,868,3,2023-02-21
1068,1613,730,5,2025-03-03
1069,687,518,1,2025-03-23
1070,495,1211,4,2022-04-19
1071,965,274,2,2024-11-25
1072,1075,621,4,2024-03-30
1073,1951,48,4,2025-05-23
1074,1039,1474,5,2025-01-18
1075,1203,193,2,2024-10-25
1076,703,1338,1,2025-01-29
1077,640,86,2,2025-06-22
1078,147,476,4,2024-05-02
1079,125,564,3,2024-11-17
1080,1568,247,3,2025-06-14
1081,886,1191,1,2024-11-12
1082,1970,1367,1,2024-11-10
1083,1177,590,4,2025-05-09
1084,1448,502,5,2024-05-03
1085,791,115,2,2025-04-21
1086,843,246,4,2025-06-07
1087,124,766,4,2025-06-16
1088,1611,146,4,2024-08-29
1089,1498,1450,5,2025-05-17
1090,1743,1410,1,2025-01-29
1091,215,464,5,2025-05-24
1092,724,97,2,2025-05-10
1093,1685,630,2,2025-05-10
1094,26,632,1,2024-04-01
1095,1288,117,4,2025-04-14
1096,758,580,1,2025-05-13
1097,1658,1149,2,2025-03-02
1098,373,494,2,2025-02-01
1099,1329,1006,1,2025-01-23
1100,1978,272,2,2024-12-20
1101,542,1399,3,2025-01-03
1102,889,492,5,2025-02-07
1103,1203,1467,1,2025-04-18
1104,196,463,1,2025-04-19
1105,1047,1227,4,2025-05-22
1106,103,1357,2,2023-06-24
1107,1535,879,3,2024-08-10
1108,268,535,3,2025-06-05
1109,1152,1219,3,2025-01-24
1110,1137,1372,1,2025-01-20
1111,1450,148,5,2024-12-06
1112,596,1390,3,2024-09-27
1113,248,904,1,2025-02-09
1114,418,1014,5,2024-01-08
1115,1968,140,2,2025-02-28
1116,1339,1238,5,2023-08-30
1117,491,1038,4,2025-05-01
1118,1042,413,4,2024-09-10
1119,1119,1109,3,2025-01-23
1120,1892,504,5,2024-09-06
1121,150,791,2,2024-12-12
1122,683,119,2,2025-05-06
1123,392,543,2,2025-03-18
1124,1169,1483,3,2024-11-30
1125,580,829,5,2024-06-03
1126,1396,1089,2,2024-09-15
1127,690,1295,3,2024-01-21
1128,1416,1466,2,2023-09-05
1129,860,1054,3,2025-05-30
1130,273,1236,4,2023-10-12
1131,317,113,4,2022-12-14
1132,195,216,3,2024-10-08
1133,974,554,1,2024-07-12
1134,673,944,1,2025-01-13
1135,694,946,2,2024-10-09
1136,818,87,5,2025-06-21
1137,1528,624,2,2024-08-08
1138,1041,963,4,2025-06-23
1139,208,1419,3,2025-05-03
1140,1496,34,1,2024-10-25
1141,732,1021,5,2025-02-24
1142,1816,408,1,2024-01-31
1143,1730,1332,5,2025-06-01
1144,833,761,2,2025-05-18
1145,1227,1232,2,2025-05-15
1146,1107,503,1,2024-06-02
1147,1718,1204,4,2023-07-08
1148,1741,1006,5,2024-03-02
1149,1857,247,5,2024-03-22
1150,701,1329,3,2024-08-06
1151,1773,1056,3,2025-01-31
1152,1743,97,1,2025-01-22
1153,1156,1068,4,2024-08-23
1154,601,289,3,2023-08-02
1155,342,41,5,2023-05-26
1156,703,593,1,2024-06-11
1157,829,311,1,2025-03-27
1158,1208,1485,3,2024-12-30
1159,339,1017,3,2025-05-11
1160,1997,562,5,2025-06-10
1161,1809,1377,1,2024-06-13
1162,121,510,1,2025-04-01
1163,391,1255,2,2024-10-15
1164,1633,877,1,2025-06-22
1165,727,1258,5,2025-05-11
1166,1986,69,2,2024-07-16
1167,754,1201,5,2025-04-30
1168,1569,430,2,2024-12-30
1169,1642,1161,2,2023-05-15
1170,390,761,5,2025-06-08
1171,1645,153,5,2025-05-18
1172,785,612,3,2024-12-09
1173,1398,1480,2,2025-01-11
1174,624,701,2,2025-01-26
1175,1562,16,1,2025-06-18
1176,969,16,5,2025-03-07
1177,1670,396,4,2024-11-19
1178,1500,634,3,2025-04-01
1179,1867,1224,4,2025-03-12
1180,1978,1283,5,2024-06-07
1181,1648,669,5,2024-10-27
1182,920,380,4,2024-10-11
1183,1485,578,3,2023-09-30
1184,814,1212,5,2024-08-08
1185,168,27,3,2025-03-05
1186,1228,145,1,2025-06-23
1187,1067,375,5,2024-10-15
1188,199,1236,5,2024-01-05
1189,43,1480,1,2025-04-23
1190,73,1132,5,2024-10-05
1191,485,931,4,2024-08-23
1192,1988,493,1,2025-03-02
1193,1478,324,2,2024-05-25
1194,593,1239,5,2025-02-02
1195,1668,395,3,2025-05-04
1196,1007,33,4,2025-02-19
1197,1125,1168,1,2024-11-19
1198,211,1030,3,2025-06-09
1199,892,1172,5,2025-03-24
1200,1885,675,4,2024-02-26
1201,1475,342,1,2025-03-14
1202,1713,581,4,2024-08-28
1203,38,445,2,2025-04-18
1204,980,1172,4,2025-01-10
1205,1097,1187,1,2024-05-21
1206,1239,1223,2,2024-10-14
1207,1626,1147,3,2023-08-23
1208,1307,729,1,2023-07-27
1209,442,1242,5,2024-12-06
1210,391,635,1,2025-05-19
1211,1895,1425,3,2025-03-28
1212,155,911,5,2025-03-13
1213,1815,775,2,2024-01-18
1214,841,1489,4,2024-09-18
1215,1621,1188,1,2025-02-03
1216,1444,956,1,2024-08-28
1217,1706,224,3,2025-06-05
1218,915,260,2,2025-05-04
1219,1516,1430,1,2023-09-01
1220,135,308,2,2025-06-09
1221,796,960,1,2025-03-26
1222,850,1146,2,2025-03-17
1223,456,547,2,2025-06-23
1224,414,1220,5,2024-12-27
1225,1895,411,4,2025-02-28
1226,1565,1340,2,2024-09-28
1227,1921,636,3,2025-05-13
1228,1279,1384,1,2023-09-21
1229,583,1252,2,2024-01-26
1230,1260,796,5,2024-12-15
1231,1918,797,3,2024-06-27
1232,224,340,3,2024-10-18
1233,370,970,1,2025-01-11
1234,1323,852,3,2025-01-08
1235,1850,610,2,2025-02-11
1236,1683,1315,3,2025-06-17
1237,1032,1002,4,2025-02-25
1238,335,606,1,2024-11-24
1239,294,1465,4,2024-03-04
1240,651,309,2,2024-09-10
1241,1386,1298,1,2025-05-22
1242,1705,448,4,2025-05-01
1243,708,1336,1,2024-11-13
1244,453,1480,3,2024-03-07
1245,1024,381,1,2022-09-18
1246,701,379,5,2025-04-08
1247,1386,1,5,2025-02-21
1248,26,1303,3,2022-11-08
1249,1986,383,1,2024-05-16
1250,1580,267,5,2023-11-08
1251,1773,494,4,2025-02-10
1252,1805,1209,4,2024-09-16
1253,1295,797,2,2024-12-16
1254,104,766,2,2025-02-11
1255,1913,1073,2,2023-07-02
1256,1403,889,4,2024-11-29
1257,542,1468,4,2024-04-06
1258,328,475,1,2024-12-25
1259,944,1072,3,2025-01-13
1260,352,685,4,2024-01-18
1261,1443,787,5,2025-02-27
1262,1571,1245,3,2025-06-11
1263,1843,1443,2,2024-03-12
1264,197,1422,2,2024-11-30
1265,1002,683,4,2025-06-10
1266,174,856,5,2025-02-20
1267,507,641,3,2025-01-26
1268,1641,1329,4,2024-06-05
1269,604,11,3,2022-11-24
1270,1559,347,4,2024-05-25
1271,1676,945,3,2024-09-06
1272,1227,287,3,2023-10-18
1273,81,1108,4,2025-04-30
1274,1398,825,3,2023-02-04
1275,1689,1199,4,2024-11-27
1276,180,40,1,2024-09-08
1277,1941,1181,3,2025-06-07
1278,1305,123,4,2025-02-24
1279,1130,1140,3,2024-12-20
1280,1896,1206,2,2024-10-01
1281,1037,546,4,2025-05-16
1282,250,1313,1,2025-03-23
1283,754,765,4,2024-12-27
1284,1251,1422,3,2025-06-12
1285,1159,445,4,2025-02-24
1286,1123,950,5,2025-06-03
1287,1318,1038,1,2025-06-02
1288,1405,109,3,2025-06-08
1289,1188,1245,4,2025-06-23
1290,370,565,4,2024-11-13
1291,850,642,2,2025-04-27
1292,1799,1222,4,2025-01-01
1293,839,1377,4,2024-06-02
1294,813,572,4,2023-12-07
1295,1651,242,1,2024-09-05
1296,80,66,1,2023-06-20
1297,1936,792,5,2024-11-01
1298,363,674,4,2025-02-15
1299,695,199,1,2025-06-06
1300,78,1439,5,2025-04-20
1301,265,570,4,2025-03-16
1302,753,1118,4,2025-02-28
1303,851,425,2,2024-06-01
1304,983,277,3,2023-01-20
1305,1401,923,3,2025-06-19
1306,758,89,5,2025-01-21
1307,990,717,2,2025-04-10
1308,907,57,3,2024-08-04
1309,403,756,1,2024-07-17
1310,625,627,5,2025-06-15
1311,1379,584,5,2025-03-22
1312,1969,1496,5,2025-06-20
1313,1240,564,4,2024-12-14
1314,1520,776,2,2024-08-28
1315,1584,1351,5,2025-04-28
1316,1926,1483,5,2024-05-03
1317,1724,1030,1,2025-05-30
1318,330,43,2,2025-02-06
1319,938,1443,4,2023-09-09
1320,1699,993,2,2024-07-27
1321,887,1119,2,2024-04-26
1322,8,1368,4,2025-01-20
1323,522,732,4,2025-06-18
1324,1408,1471,4,2024-07-08
1325,1713,1189,5,2025-06-06
1326,1671,235,2,2025-01-29
1327,1143,1321,3,2025-03-07
1328,413,562,1,2025-06-10
1329,1649,35,2,2025-06-22
1330,701,1210,2,2025-02-19
1331,1837,943,3,2024-08-25
1332,165,1335,5,2024-12-06
1333,1087,548,3,2025-06-21
1334,1315,1003,5,2024-09-17
1335,102,1371,5,2025-06-03
1336,1456,1217,2,2024-10-09
1337,1341,739,2,2025-04-28
1338,1019,1421,2,2025-01-26
1339,452,26,4,2025-06-23
1340,733,612,4,2025-05-24
1341,847,755,2,2025-02-14
1342,538,704,4,2024-04-25
1343,1754,160,1,2023-08-01
1344,819,322,4,2025-03-25
1345,1306,733,5,2024-11-09
1346,1223,926,1,2024-06-14
1347,865,551,2,2024-01-14
1348,1377,1355,4,2024-07-22
1349,115,250,4,2023-09-21
1350,149,381,3,2023-07-03
1351,791,574,5,2025-05-28
1352,1288,1215,2,2024-11-11
1353,1688,1362,2,2025-01-12
1354,841,885,5,2024-11-24
1355,1512,1315,5,2025-06-20
1356,1322,452,4,2023-07-25
1357,1047,210,2,2025-05-02
1358,182,1499,4,2025-06-09
1359,458,154,2,2025-05-03
1360,973,518,1,2024-07-18
1361,359,693,1,2024-05-18
1362,706,916,1,2025-06-17
1363,1087,749,1,2023-11-29
1364,13,158,3,2024-10-04
1365,389,585,3,2022-11-10
1366,1671,144,3,2025-05-24
1367,22,617,3,2025-05-20
1368,185,1258,3,2025-02-26
1369,1452,1178,3,2025-01-27
1370,502,149,5,2025-06-15
1371,1169,670,4,2025-02-19
1372,528,270,3,2024-08-24
1373,1021,847,2,2022-08-08
1374,1602,1416,1,2024-12-04
1375,728,242,1,2025-06-06
1376,1842,1064,4,2024-11-06
1377,1271,1248,2,2025-05-27
1378,1844,1134,4,2025-04-15
1379,171,1452,2,2024-10-29
1380,1556,380,3,2024-11-08
1381,1291,1337,2,2025-04-07
1382,1627,138,4,2024-08-09
1383,1533,172,3,2023-11-29
1384,1265,1154,2,2024-10-29
1385,1098,94,3,2024-06-30
1386,1614,421,5,2023-05-26
1387,1297,1045,2,2025-01-07
1388,1989,261,4,2025-03-18
1389,1721,883,5,2023-02-05
1390,1381,97,4,2025-04-09
1391,1301,290,5,2025-05-28
1392,543,1413,3,2025-06-17
1393,898,1229,3,2024-01-16
1394,598,1073,4,2025-04-13
1395,105,404,2,2025-06-16
1396,1622,374,4,2024-10-30
1397,339,511,3,2024-03-05
1398,1884,1284,5,2023-05-20
1399,1384,1249,2,2025-03-19
1400,1250,583,3,2024-05-31
1401,1688,1452,4,2024-08-22
1402,312,417,4,2025-06-16
1403,1848,423,4,2022-04-09
1404,1669,1254,3,2023-05-07
1405,602,496,5,2024-01-22
1406,164,1288,1,2025-01-13
1407,391,916,3,2025-06-19
1408,1645,1429,4,2024-11-23
1409,5,362,1,2025-03-11
1410,458,1461,1,2024-10-01
1411,1330,596,3,2025-05-30
1412,134,1065,3,2025-04-15
1413,1570,524,5,2025-03-09
1414,1946,159,2,2024-12-01
1415,1222,118,1,2024-12-08
1416,1674,1450,3,2024-07-23
1417,1246,290,3,2022-07-22
1418,480,949,3,2023-09-20
1419,1254,986,3,2025-04-27
1420,334,922,4,2025-04-16
1421,30,1499,4,2025-05-31
1422,206,691,2,2024-12-08
1423,299,347,5,2024-07-26
1424,1063,232,3,2024-07-15
1425,719,858,3,2024-11-28
1426,376,804,5,2024-07-06
1427,430,183,5,2024-05-23
1428,1777,379,5,2025-05-09
1429,213,183,1,2025-03-14
1430,1003,1020,4,2024-04-01
1431,29,1332,1,2024-04-22
1432,889,191,5,2025-05-22
1433,226,443,1,2025-03-06
1434,311,1403,1,2023-10-15
1435,1142,1481,5,2022-10-25
1436,1373,1353,5,2022-05-18
1437,830,46,3,2025-05-23
1438,1622,1343,4,2025-01-06
1439,1867,195,2,2024-07-28
1440,1005,216,1,2024-07-16
1441,1218,1470,3,2024-07-08
1442,394,345,1,2025-06-12
1443,1419,104,3,2025-01-13
1444,759,538,3,2024-02-08
1445,1434,992,3,2024-01-19
1446,421,868,3,2025-04-14
1447,859,728,2,2024-08-16
1448,114,1174,5,2025-06-04
1449,1416,476,1,2025-05-23
1450,1312,1095,3,2024-04-27
1451,1471,326,5,2024-05-14
1452,936,936,2,2025-05-16
1453,526,110,3,2025-01-26
1454,76,1255,3,2024-12-26
1455,1027,1274,2,2024-08-09
1456,680,1470,3,2024-01-18
1457,734,41,1,2025-05-08
1458,952,122,3,2024-09-29
1459,1424,756,5,2025-02-05
1460,1295,201,2,2025-04-08
1461,646,558,4,2025-05-22
1462,1471,424,3,2025-04-25
1463,1393,1041,4,2024-12-23
1464,1827,261,3,2024-02-01
1465,892,475,4,2025-04-26
1466,161,914,5,2025-04-13
1467,1949,146,4,2025-06-23
1468,1832,113,1,2024-10-01
1469,250,899,4,2024-12-05
1470,384,32,3,2025-04-17
1471,881,789,3,2024-04-01
1472,954,557,3,2025-06-21
1473,676,975,1,2025-02-25
1474,374,549,3,2025-06-15
1475,923,301,5,2022-07-26
1476,1122,114,1,2024-12-26
1477,784,1095,1,2024-12-13
1478,512,460,2,2025-06-04
1479,1336,128,5,2025-04-28
1480,1062,873,1,2025-05-30
1481,375,746,5,2025-06-05
1482,1390,229,4,2025-02-10
1483,786,964,2,2024-03-19
1484,642,237,3,2025-06-17
1485,1909,325,3,2025-03-26
1486,1355,1160,5,2024-10-01
1487,1913,1074,3,2024-01-03
1488,1602,800,2,2024-07-18
1489,1935,409,5,2023-02-23
1490,907,113,4,2025-06-04
1491,1006,384,1,2024-04-17
1492,73,1459,5,2023-04-25
1493,829,319,5,2025-04-27
1494,669,1359,1,2025-02-24
1495,1235,642,3,2025-03-25
1496,766,1255,1,2024-09-26
1497,1845,290,1,2023-02-08
1498,159,567,2,2024-08-26
1499,486,426,5,2025-06-10
1500,1377,1327,1,2024-06-07
