venda_id,cliente_id,data_venda
1,1088,2023-05-29
2,606,2024-09-20
3,181,2024-05-10
4,652,2024-08-27
5,917,2024-10-27
6,790,2024-01-18
7,173,2025-03-19
8,485,2024-04-04
9,819,2025-02-26
10,213,2024-12-06
11,773,2024-09-15
12,29,2024-12-08
13,1016,2024-08-13
14,1376,2025-04-25
15,830,2022-12-07
16,1422,2024-12-16
17,18,2024-05-14
18,182,2024-09-27
19,868,2021-08-05
20,195,2023-08-22
21,350,2024-12-29
22,1244,2023-08-22
23,14,2023-03-01
24,1344,2025-05-07
25,771,2023-12-01
26,1478,2024-10-20
27,477,2023-10-10
28,312,2024-12-04
29,717,2024-02-19
30,189,2024-02-28
31,1395,2023-06-11
32,856,2024-09-01
33,242,2025-02-19
34,163,2024-04-14
35,904,2025-03-15
36,755,2025-01-08
37,797,2022-09-30
38,1234,2025-04-09
39,891,2024-04-21
40,380,2023-01-19
41,155,2023-04-26
42,1132,2023-05-16
43,1397,2024-10-30
44,450,2023-06-21
45,282,2024-11-20
46,161,2025-03-05
47,107,2023-07-26
48,179,2024-05-04
49,1317,2024-04-07
50,341,2024-05-03
51,1415,2022-03-27
52,581,2023-12-03
53,1091,2024-05-29
54,491,2023-06-11
55,620,2023-10-12
56,940,2024-06-23
57,398,2023-09-05
58,106,2024-10-18
59,493,2024-06-07
60,576,2024-07-26
61,1004,2024-11-13
62,1401,2024-12-25
63,1277,2024-05-02
64,102,2025-04-05
65,123,2025-05-29
66,911,2024-10-06
67,64,2023-10-14
68,951,2024-12-10
69,1408,2025-03-08
70,1205,2022-04-06
71,1471,2024-02-28
72,1428,2024-03-23
73,523,2025-06-16
74,1116,2025-02-27
75,1491,2023-12-04
76,1383,2025-04-09
77,859,2023-07-06
78,97,2025-02-27
79,408,2023-09-02
80,917,2024-11-07
81,655,2024-08-08
82,818,2024-02-06
83,1415,2023-04-09
84,277,2022-03-13
85,762,2024-09-22
86,532,2024-12-26
87,650,2024-08-22
88,428,2024-08-27
89,1403,2023-06-14
90,370,2025-05-09
91,611,2024-04-27
92,1353,2022-07-02
93,199,2024-04-21
94,27,2024-07-10
95,137,2024-12-27
96,490,2024-01-01
97,200,2023-06-17
98,55,2024-07-16
99,1149,2022-08-08
100,1470,2023-11-21
101,1327,2022-01-28
102,862,2025-01-12
103,1285,2025-01-04
104,1228,2024-12-31
105,707,2024-09-24
106,528,2022-09-04
107,1020,2023-03-19
108,360,2024-12-01
109,637,2024-09-10
110,850,2024-01-07
111,1209,2023-12-13
112,1452,2023-10-08
113,1122,2024-04-03
114,920,2021-12-11
115,235,2023-10-23
116,1311,2023-07-21
117,970,2025-04-01
118,1284,2024-08-22
119,1083,2022-09-06
120,1491,2024-09-01
121,1216,2023-05-31
122,587,2023-12-20
123,104,2023-02-09
124,1477,2022-08-21
125,321,2023-12-03
126,210,2023-10-13
127,37,2024-02-04
128,344,2025-06-12
129,358,2022-08-13
130,1098,2022-04-27
131,787,2023-08-13
132,404,2025-04-05
133,1498,2023-12-08
134,1304,2025-02-23
135,642,2025-02-08
136,272,2024-09-07
137,209,2024-11-03
138,1229,2023-02-21
139,119,2024-03-18
140,896,2025-02-25
141,1255,2024-04-12
142,1373,2025-03-26
143,1156,2023-02-20
144,237,2024-12-30
145,835,2024-04-19
146,66,2024-01-07
147,1359,2025-05-02
148,804,2025-05-26
149,1022,2024-10-24
150,1021,2023-10-10
151,712,2024-07-08
152,509,2023-01-24
153,944,2025-04-21
154,862,2024-05-28
155,1337,2023-11-23
156,1095,2024-06-24
157,563,2024-02-26
158,419,2024-01-10
159,40,2023-11-18
160,789,2023-12-18
161,474,2025-01-05
162,1249,2023-04-01
163,1266,2025-05-10
164,846,2024-04-14
165,886,2022-12-28
166,1225,2025-02-28
167,527,2024-06-01
168,115,2021-09-05
169,691,2024-11-02
170,1452,2024-05-27
171,885,2024-11-03
172,986,2024-10-30
173,62,2025-05-08
174,1423,2024-08-10
175,1483,2023-07-20
176,1198,2024-02-16
177,377,2023-09-24
178,46,2025-01-13
179,30,2024-04-24
180,28,2024-07-20
181,889,2023-09-30
182,232,2024-01-06
183,1240,2024-03-15
184,707,2024-12-10
185,1172,2024-02-29
186,78,2023-11-12
187,1441,2024-11-09
188,699,2023-06-26
189,1230,2025-06-17
190,819,2025-03-11
191,507,2023-08-18
192,624,2025-05-18
193,357,2022-10-25
194,1333,2025-06-23
195,11,2022-01-04
196,1091,2024-04-13
197,1171,2023-07-24
198,128,2024-12-22
199,347,2024-04-24
200,559,2024-10-22
201,399,2024-03-17
202,403,2024-10-14
203,381,2024-01-30
204,393,2025-02-14
205,474,2023-11-12
206,616,2023-07-18
207,1379,2025-05-31
208,589,2024-09-04
209,240,2024-05-20
210,1338,2024-08-05
211,981,2024-05-25
212,725,2024-08-22
213,949,2023-10-24
214,621,2024-04-28
215,170,2023-08-24
216,1148,2022-05-08
217,1275,2023-03-18
218,453,2023-10-01
219,54,2024-12-29
220,349,2025-01-27
221,253,2025-02-04
222,755,2024-10-16
223,1190,2023-12-27
224,524,2023-08-31
225,669,2025-01-02
226,1021,2022-03-30
227,361,2024-08-20
228,383,2025-02-05
229,784,2024-02-17
230,135,2024-11-13
231,1211,2023-06-27
232,788,2024-05-25
233,1148,2023-01-28
234,968,2024-03-06
235,94,2024-02-08
236,665,2025-06-23
237,104,2022-05-04
238,67,2024-12-13
239,575,2024-04-18
240,617,2025-05-10
241,737,2025-04-12
242,489,2025-02-25
243,932,2022-07-15
244,767,2025-01-14
245,140,2024-01-06
246,1252,2025-05-28
247,9,2023-10-04
248,478,2025-05-20
249,311,2025-01-12
250,908,2024-03-20
251,918,2024-05-22
252,1124,2023-02-08
253,22,2023-12-15
254,451,2022-12-26
255,1479,2023-06-17
256,153,2025-05-15
257,527,2024-11-24
258,162,2024-09-23
259,1235,2024-10-20
260,804,2023-06-07
261,181,2024-05-05
262,1031,2024-12-05
263,103,2024-03-25
264,622,2024-04-21
265,527,2025-02-21
266,89,2024-10-04
267,1445,2024-06-10
268,756,2021-12-17
269,648,2024-10-23
270,1364,2025-05-24
271,411,2023-01-17
272,1480,2022-08-23
273,478,2024-04-18
274,266,2025-06-02
275,190,2023-06-04
276,310,2024-10-30
277,791,2024-05-12
278,1279,2023-02-12
279,686,2024-07-11
280,567,2025-05-13
281,227,2024-05-01
282,1167,2025-04-08
283,3,2025-02-16
284,838,2025-04-03
285,144,2023-10-06
286,1451,2024-08-15
287,1013,2024-05-24
288,43,2025-01-13
289,16,2024-03-02
290,67,2025-02-23
291,548,2025-06-16
292,1140,2023-03-14
293,948,2025-05-18
294,542,2023-01-08
295,683,2023-09-28
296,1469,2025-01-07
297,1108,2022-09-27
298,1355,2023-08-13
299,902,2024-05-25
300,459,2024-02-20
301,1186,2024-09-11
302,468,2025-04-16
303,588,2025-01-17
304,786,2024-12-16
305,463,2025-04-04
306,481,2024-03-31
307,1301,2025-04-27
308,1265,2024-10-09
309,699,2024-10-29
310,88,2024-09-25
311,1345,2025-02-20
312,284,2023-11-01
313,288,2025-04-25
314,404,2025-01-10
315,402,2024-02-17
316,1368,2023-12-29
317,1108,2022-10-17
318,1020,2024-06-03
319,493,2024-05-07
320,718,2024-12-27
321,520,2025-05-02
322,834,2024-05-05
323,21,2025-05-23
324,109,2024-08-29
325,1202,2025-04-24
326,486,2025-06-15
327,950,2024-06-05
328,1011,2023-12-05
329,950,2024-10-04
330,432,2024-07-23
331,1441,2023-08-14
332,950,2024-11-14
333,841,2024-12-08
334,165,2025-01-05
335,1473,2024-08-20
336,965,2024-01-06
337,703,2023-01-25
338,787,2024-07-18
339,569,2023-09-30
340,119,2025-03-24
341,246,2024-11-02
342,535,2023-01-10
343,868,2022-04-19
344,173,2024-02-08
345,900,2024-07-11
346,238,2022-03-17
347,690,2023-06-12
348,87,2025-03-27
349,880,2023-11-13
350,433,2025-02-10
351,1026,2023-12-18
352,1284,2023-04-11
353,892,2024-02-09
354,784,2024-12-29
355,907,2024-10-23
356,694,2025-03-04
357,1257,2025-06-08
358,165,2025-05-15
359,1215,2024-11-29
360,996,2024-09-26
361,1286,2021-12-26
362,519,2025-06-20
363,1228,2024-05-27
364,629,2024-12-11
365,790,2024-05-01
366,147,2025-04-26
367,229,2023-12-19
368,1163,2025-02-20
369,442,2024-12-27
370,1272,2025-06-08
371,735,2024-11-04
372,517,2025-03-10
373,41,2025-04-17
374,1040,2025-04-10
375,1091,2025-03-26
376,179,2025-03-31
377,215,2025-03-21
378,627,2024-10-01
379,709,2024-05-30
380,530,2023-06-28
381,716,2023-06-19
382,1080,2023-02-27
383,698,2025-02-28
384,1022,2025-04-01
385,945,2023-09-03
386,292,2025-06-03
387,1302,2023-04-08
388,499,2024-10-28
389,1170,2023-07-01
390,194,2023-06-27
391,494,2023-11-14
392,612,2024-12-27
393,1102,2024-11-18
394,990,2024-06-24
395,1005,2023-02-03
396,1408,2024-01-08
397,1412,2023-10-21
398,113,2024-05-02
399,1190,2024-09-03
400,3,2025-03-10
401,1274,2023-10-21
402,1451,2023-11-05
403,925,2024-06-02
404,1461,2024-02-28
405,251,2024-10-03
406,1238,2024-04-13
407,986,2025-04-26
408,534,2024-02-01
409,1131,2023-11-26
410,456,2023-08-31
411,530,2024-04-25
412,1368,2025-02-09
413,402,2024-04-28
414,234,2025-04-20
415,1270,2024-08-16
416,248,2022-09-21
417,1322,2025-01-27
418,729,2023-08-10
419,937,2024-04-05
420,1489,2024-08-09
421,1009,2023-06-13
422,894,2025-04-06
423,607,2024-12-27
424,784,2024-06-22
425,1143,2022-06-24
426,65,2024-11-14
427,261,2024-11-11
428,54,2025-01-02
429,1455,2023-03-15
430,1266,2024-06-15
431,834,2024-07-31
432,1295,2024-02-11
433,476,2025-04-06
434,325,2024-05-22
435,1335,2023-11-24
436,761,2023-06-05
437,750,2024-11-07
438,928,2023-12-05
439,997,2024-08-25
440,405,2024-07-15
441,9,2024-02-06
442,880,2023-04-22
443,80,2023-03-23
444,737,2025-04-01
445,1220,2024-12-15
446,1324,2025-06-13
447,1421,2024-06-08
448,401,2024-04-20
449,347,2024-05-22
450,252,2023-10-29
451,98,2024-02-26
452,1132,2024-08-19
453,1366,2024-07-27
454,1130,2025-03-27
455,771,2024-08-19
456,920,2023-01-24
457,954,2025-05-26
458,646,2024-07-03
459,680,2022-07-10
460,1460,2025-02-25
461,386,2024-12-23
462,23,2022-08-07
463,932,2024-02-10
464,572,2021-12-20
465,1227,2025-04-11
466,843,2024-09-11
467,1048,2025-01-03
468,791,2024-06-12
469,902,2025-06-09
470,495,2023-12-09
471,539,2024-01-09
472,1035,2025-02-18
473,25,2024-12-16
474,200,2024-03-23
475,220,2022-10-25
476,1480,2024-09-01
477,1338,2024-04-13
478,388,2024-04-22
479,987,2024-07-25
480,1276,2024-08-18
481,733,2024-12-10
482,1222,2025-04-28
483,1491,2024-12-17
484,451,2024-11-27
485,995,2025-04-18
486,458,2023-12-03
487,215,2025-06-10
488,691,2023-04-10
489,1359,2024-06-07
490,1233,2023-05-19
491,1446,2024-03-13
492,841,2024-04-26
493,1174,2024-07-02
494,1348,2025-02-22
495,1335,2024-08-27
496,1499,2025-03-27
497,379,2024-12-04
498,464,2021-12-02
499,1140,2024-03-01
500,359,2022-11-29
501,1098,2022-09-29
502,869,2022-05-13
503,1307,2022-06-18
504,1,2024-12-22
505,430,2023-05-14
506,524,2024-11-14
507,1395,2023-11-15
508,846,2023-10-16
509,258,2024-08-27
510,188,2021-12-01
511,1096,2022-06-07
512,392,2024-04-01
513,214,2025-05-21
514,94,2025-03-09
515,1264,2024-11-22
516,1017,2025-01-21
517,1375,2024-04-29
518,649,2025-03-27
519,1011,2024-07-14
520,253,2024-09-21
521,492,2025-02-02
522,1095,2025-01-24
523,853,2023-11-20
524,863,2023-06-16
525,1274,2025-06-03
526,510,2024-08-08
527,258,2024-05-20
528,675,2023-12-16
529,943,2023-11-21
530,928,2024-01-19
531,5,2024-09-22
532,171,2024-07-18
533,425,2023-09-14
534,1305,2024-12-16
535,1182,2024-03-17
536,21,2024-05-05
537,17,2025-01-01
538,372,2024-07-31
539,1047,2025-01-07
540,674,2023-08-14
541,515,2021-10-05
542,1014,2023-05-26
543,257,2023-10-25
544,398,2023-12-23
545,331,2024-05-16
546,840,2025-01-08
547,1229,2025-04-01
548,352,2024-08-29
549,129,2025-01-23
550,843,2025-01-11
551,564,2023-06-04
552,681,2024-10-02
553,561,2024-10-27
554,1017,2025-04-23
555,1443,2023-10-20
556,345,2023-12-31
557,187,2024-03-07
558,732,2023-06-29
559,606,2023-12-15
560,301,2025-06-04
561,605,2024-10-31
562,189,2024-07-03
563,126,2025-05-02
564,91,2023-01-06
565,292,2024-09-07
566,25,2024-08-27
567,345,2025-03-25
568,396,2023-04-24
569,135,2024-09-22
570,796,2022-09-13
571,1380,2024-09-08
572,1352,2025-01-06
573,783,2023-03-27
574,348,2025-04-28
575,261,2023-12-11
576,378,2023-04-23
577,66,2024-09-23
578,1180,2023-10-24
579,1285,2023-05-26
580,765,2024-03-12
581,457,2024-04-26
582,173,2023-07-21
583,647,2023-10-19
584,33,2024-12-28
585,455,2025-04-26
586,1497,2024-03-04
587,1073,2022-08-25
588,163,2024-03-18
589,1324,2022-03-12
590,375,2025-04-07
591,753,2024-08-19
592,469,2024-05-17
593,1090,2025-02-25
594,1038,2023-05-24
595,183,2023-07-26
596,1357,2022-11-16
597,205,2025-01-08
598,1285,2023-10-22
599,22,2023-05-12
600,246,2025-05-21
601,1350,2023-08-04
602,1371,2024-08-14
603,854,2023-12-31
604,1070,2023-10-28
605,1012,2025-02-16
606,243,2024-06-10
607,1138,2024-06-26
608,735,2024-11-11
609,875,2023-11-01
610,1321,2024-10-25
611,1089,2024-12-27
612,1359,2024-03-15
613,641,2024-08-05
614,376,2023-03-10
615,183,2024-01-19
616,212,2023-07-10
617,405,2025-01-29
618,345,2025-04-19
619,1160,2023-07-15
620,1287,2023-06-25
621,1347,2024-04-14
622,1490,2024-06-03
623,1441,2024-03-20
624,114,2024-01-04
625,573,2025-04-03
626,739,2024-06-24
627,68,2023-12-15
628,1146,2024-10-06
629,53,2023-08-26
630,326,2024-01-10
631,526,2025-03-01
632,349,2024-04-28
633,1497,2024-05-12
634,181,2022-11-22
635,683,2024-08-31
636,495,2024-03-10
637,37,2024-01-06
638,1288,2024-06-21
639,474,2023-07-08
640,1002,2025-02-25
641,236,2023-09-12
642,174,2024-11-30
643,642,2024-09-06
644,24,2022-11-12
645,1225,2024-01-27
646,481,2025-04-05
647,590,2025-03-27
648,1144,2022-11-19
649,158,2024-02-23
650,396,2023-06-28
651,1168,2023-08-31
652,168,2023-12-22
653,132,2022-08-08
654,918,2024-09-25
655,244,2025-03-01
656,1381,2024-05-02
657,1396,2024-10-07
658,220,2023-04-14
659,1318,2023-04-10
660,1362,2024-11-17
661,349,2024-07-08
662,220,2023-06-10
663,196,2023-05-26
664,852,2023-11-20
665,1219,2022-12-19
666,499,2024-12-18
667,659,2024-09-10
668,95,2023-06-21
669,1268,2024-07-07
670,1337,2024-11-29
671,1218,2024-12-14
672,608,2023-12-26
673,531,2024-07-25
674,1008,2025-05-22
675,611,2024-01-01
676,546,2025-03-14
677,367,2022-10-25
678,738,2022-02-27
679,794,2024-12-21
680,564,2023-06-10
681,848,2025-01-07
682,452,2023-02-15
683,409,2025-05-21
684,1068,2025-03-18
685,1275,2024-09-21
686,608,2023-10-11
687,773,2024-05-22
688,888,2022-11-28
689,427,2022-07-24
690,216,2024-06-16
691,212,2023-02-22
692,858,2023-07-15
693,1265,2023-02-03
694,97,2024-10-11
695,1377,2023-10-30
696,958,2023-11-26
697,1392,2024-11-26
698,247,2024-09-08
699,916,2024-09-21
700,459,2024-02-16
701,886,2024-12-20
702,717,2024-06-05
703,1233,2025-04-27
704,236,2023-05-29
705,665,2024-01-07
706,1164,2022-11-04
707,943,2024-08-16
708,1082,2024-06-26
709,1270,2025-03-14
710,666,2024-10-11
711,1138,2024-03-17
712,761,2024-10-18
713,608,2023-08-21
714,659,2025-03-20
715,140,2024-02-20
716,377,2025-02-11
717,664,2023-02-27
718,1205,2024-08-19
719,317,2022-07-08
720,828,2021-09-15
721,967,2024-04-26
722,328,2024-06-22
723,1424,2023-09-13
724,1010,2025-01-20
725,54,2025-06-22
726,11,2025-05-11
727,27,2025-03-05
728,654,2024-11-18
729,611,2024-08-27
730,300,2024-12-14
731,1150,2025-06-07
732,530,2022-08-27
733,292,2024-10-17
734,138,2025-06-19
735,152,2024-01-14
736,304,2025-03-23
737,98,2024-08-28
738,480,2024-02-02
739,372,2025-02-21
740,171,2024-08-11
741,231,2024-03-10
742,200,2024-09-12
743,1280,2024-05-18
744,457,2024-07-01
745,841,2024-07-31
746,537,2024-06-26
747,1308,2025-03-15
748,1342,2024-02-27
749,1148,2023-07-02
750,879,2024-12-14
751,1226,2025-01-23
752,586,2025-05-11
753,1204,2023-03-24
754,748,2025-04-01
755,905,2024-10-12
756,671,2024-01-29
757,173,2025-06-04
758,410,2023-10-22
759,283,2024-08-01
760,678,2023-01-10
761,296,2024-05-20
762,1336,2023-10-06
763,1359,2024-07-14
764,921,2023-09-03
765,255,2025-01-05
766,428,2024-12-16
767,1043,2024-08-13
768,1052,2024-03-09
769,591,2024-11-07
770,536,2023-08-01
771,673,2024-10-31
772,114,2024-02-18
773,545,2024-10-01
774,1457,2022-05-16
775,518,2024-04-19
776,1118,2024-07-03
777,1405,2022-07-18
778,1107,2024-04-23
779,715,2023-08-01
780,624,2024-04-07
781,395,2025-04-07
782,1302,2023-03-05
783,491,2023-11-04
784,536,2024-10-13
785,238,2021-08-25
786,738,2022-11-25
787,107,2023-08-19
788,1443,2023-07-18
789,370,2025-04-04
790,315,2023-11-12
791,159,2024-01-21
792,560,2023-02-28
793,480,2023-04-28
794,1345,2023-10-08
795,387,2024-09-15
796,1060,2024-07-21
797,892,2024-03-02
798,923,2025-06-16
799,193,2024-05-30
800,1410,2024-12-31
801,784,2025-05-22
802,138,2023-02-06
803,215,2023-12-31
804,119,2024-11-24
805,560,2022-01-07
806,516,2023-07-04
807,481,2025-02-28
808,37,2024-10-09
809,876,2023-08-15
810,1462,2025-02-05
811,563,2024-05-30
812,429,2025-03-18
813,37,2024-01-28
814,199,2021-10-02
815,1142,2024-05-28
816,883,2022-10-04
817,555,2025-06-09
818,192,2023-08-25
819,295,2025-02-03
820,439,2022-09-11
821,1303,2022-09-08
822,824,2024-03-11
823,1233,2022-03-04
824,692,2023-10-30
825,1216,2021-10-03
826,1435,2024-07-17
827,574,2023-03-08
828,1460,2024-12-24
829,1486,2024-09-09
830,679,2025-01-27
831,74,2024-12-17
832,94,2023-11-07
833,1141,2023-10-05
834,97,2024-09-14
835,394,2024-05-26
836,977,2024-07-19
837,1405,2025-03-21
838,1304,2024-08-20
839,250,2023-07-13
840,522,2024-05-12
841,942,2025-03-24
842,796,2023-09-09
843,1265,2023-02-28
844,979,2025-03-18
845,868,2023-12-25
846,1313,2024-06-14
847,779,2023-07-22
848,352,2024-04-06
849,802,2025-06-19
850,894,2024-04-24
851,796,2022-12-08
852,204,2024-12-13
853,1433,2024-12-19
854,261,2025-02-02
855,1070,2024-08-07
856,1461,2025-05-20
857,426,2025-01-07
858,1077,2025-06-11
859,164,2023-10-28
860,763,2023-06-24
861,468,2025-05-08
862,964,2023-10-10
863,157,2024-04-11
864,1491,2023-12-04
865,1057,2025-05-12
866,1199,2023-09-14
867,523,2025-03-19
868,1243,2023-03-02
869,701,2024-04-26
870,859,2024-01-09
871,985,2022-07-29
872,1004,2024-09-11
873,1089,2025-05-07
874,1474,2025-05-08
875,151,2025-03-24
876,1266,2023-03-16
877,344,2024-12-21
878,625,2024-11-02
879,286,2024-03-07
880,656,2024-12-20
881,687,2021-08-19
882,422,2023-09-11
883,445,2025-02-02
884,1365,2022-10-08
885,489,2023-04-06
886,97,2024-12-04
887,601,2023-11-17
888,418,2025-06-04
889,848,2023-05-22
890,918,2025-01-13
891,277,2022-01-08
892,753,2025-04-24
893,228,2022-05-04
894,1348,2024-05-19
895,1260,2024-02-23
896,1268,2025-01-17
897,446,2024-11-19
898,1090,2025-06-09
899,599,2024-10-08
900,1332,2023-10-06
901,1177,2024-02-22
902,325,2025-05-09
903,447,2025-03-12
904,521,2025-01-28
905,540,2022-08-24
906,918,2024-04-22
907,418,2023-12-15
908,1152,2024-12-05
909,1247,2025-01-09
910,235,2025-01-09
911,961,2023-06-01
912,872,2024-01-23
913,230,2024-12-11
914,1182,2024-01-10
915,845,2025-04-28
916,349,2024-03-04
917,967,2024-01-08
918,10,2025-02-03
919,570,2024-06-18
920,1244,2024-10-01
921,590,2025-04-09
922,855,2025-03-08
923,802,2024-06-08
924,851,2023-09-25
925,319,2024-05-08
926,1238,2022-09-22
927,1319,2024-07-15
928,81,2024-10-17
929,1336,2023-10-04
930,1376,2024-10-27
931,434,2022-04-09
932,42,2024-01-05
933,204,2024-12-22
934,627,2023-07-21
935,191,2024-12-28
936,963,2024-11-26
937,1449,2024-12-11
938,219,2025-01-21
939,513,2023-12-31
940,1245,2024-07-29
941,543,2024-11-11
942,688,2021-08-10
943,260,2024-04-25
944,641,2024-08-27
945,1441,2024-10-30
946,867,2025-06-07
947,221,2025-05-08
948,1298,2024-09-20
949,1481,2024-12-06
950,157,2024-12-26
951,370,2023-09-10
952,819,2025-04-08
953,44,2023-06-16
954,1087,2023-11-16
955,236,2024-12-01
956,804,2024-11-07
957,222,2025-01-17
958,1236,2024-01-21
959,907,2024-10-30
960,252,2025-02-16
961,791,2025-05-17
962,1072,2023-02-04
963,970,2024-05-22
964,835,2023-10-13
965,745,2024-07-03
966,227,2023-08-05
967,685,2023-02-04
968,144,2024-07-16
969,1404,2024-07-15
970,42,2025-04-09
971,830,2025-03-06
972,802,2025-06-22
973,306,2025-04-24
974,151,2023-12-06
975,195,2024-03-11
976,1315,2025-04-13
977,1139,2024-08-11
978,177,2023-06-09
979,974,2024-10-15
980,895,2021-10-01
981,101,2023-10-13
982,1097,2023-05-15
983,923,2025-04-12
984,658,2024-05-28
985,1201,2023-09-10
986,462,2024-10-16
987,1444,2025-06-07
988,188,2024-12-14
989,577,2024-06-18
990,833,2024-12-19
991,381,2022-02-13
992,1110,2024-10-24
993,229,2023-11-15
994,1215,2024-09-24
995,532,2024-04-14
996,417,2023-06-20
997,296,2023-04-13
998,1202,2025-04-02
999,1026,2024-07-22
1000,1127,2022-07-22
1001,1176,2024-07-26
1002,898,2025-04-25
1003,314,2022-06-26
1004,976,2023-07-22
1005,1003,2024-11-14
1006,1258,2025-02-10
1007,570,2024-11-25
1008,1375,2024-04-28
1009,1304,2023-07-12
1010,548,2025-04-21
1011,142,2025-03-07
1012,352,2024-10-08
1013,873,2025-04-26
1014,1153,2023-11-04
1015,1154,2023-05-22
1016,301,2024-01-26
1017,728,2024-08-05
1018,787,2025-06-20
1019,159,2022-03-05
1020,899,2023-08-26
1021,152,2025-04-16
1022,1310,2024-11-24
1023,1129,2023-12-28
1024,2,2022-10-12
1025,95,2022-08-01
1026,245,2024-03-26
1027,409,2022-07-06
1028,90,2023-05-12
1029,1326,2024-06-09
1030,1381,2022-04-29
1031,562,2023-10-21
1032,135,2024-06-15
1033,511,2022-12-22
1034,1428,2025-04-17
1035,1414,2023-11-21
1036,1343,2023-02-08
1037,945,2022-09-04
1038,703,2023-11-16
1039,562,2025-03-08
1040,522,2025-05-23
1041,907,2024-03-06
1042,1014,2024-09-18
1043,749,2023-08-02
1044,775,2023-04-06
1045,465,2024-03-21
1046,367,2022-10-04
1047,463,2024-07-12
1048,640,2022-12-29
1049,866,2024-05-26
1050,167,2025-05-03
1051,272,2024-06-26
1052,1118,2024-08-01
1053,1064,2025-02-21
1054,1295,2024-11-06
1055,1073,2023-04-15
1056,1021,2023-04-22
1057,1209,2023-04-13
1058,1030,2025-05-20
1059,900,2022-08-21
1060,1375,2024-05-26
1061,289,2024-11-24
1062,1321,2024-08-09
1063,271,2024-09-27
1064,5,2024-10-21
1065,1488,2022-10-29
1066,523,2024-08-16
1067,72,2024-08-13
1068,1348,2025-03-28
1069,846,2024-03-29
1070,887,2023-03-29
1071,1371,2024-10-04
1072,1203,2024-02-10
1073,1188,2024-10-22
1074,385,2024-10-27
1075,381,2022-08-31
1076,261,2022-08-13
1077,932,2024-03-29
1078,1376,2024-08-22
1079,1443,2023-03-03
1080,681,2025-05-17
1081,585,2022-06-09
1082,82,2023-10-23
1083,435,2025-06-07
1084,1091,2023-11-17
1085,517,2024-11-16
1086,1255,2023-10-22
1087,1304,2024-11-27
1088,1491,2023-09-13
1089,79,2024-02-09
1090,96,2022-12-18
1091,1312,2024-10-03
1092,930,2023-03-25
1093,1145,2025-06-22
1094,788,2024-11-21
1095,559,2024-12-23
1096,1271,2024-02-04
1097,1122,2025-02-21
1098,1052,2022-12-22
1099,1011,2024-04-19
1100,746,2024-06-24
1101,188,2025-04-05
1102,579,2025-02-17
1103,941,2024-08-04
1104,704,2025-05-25
1105,56,2024-08-01
1106,117,2024-05-13
1107,949,2022-10-09
1108,1089,2025-01-12
1109,1033,2023-09-01
1110,578,2022-12-13
1111,802,2024-05-28
1112,1470,2023-10-31
1113,1159,2025-02-25
1114,764,2023-06-06
1115,649,2023-07-28
1116,1312,2023-10-16
1117,865,2024-08-04
1118,459,2025-06-13
1119,476,2023-06-18
1120,1186,2025-03-01
1121,1488,2024-05-21
1122,1278,2023-06-22
1123,1326,2025-02-23
1124,1318,2023-03-08
1125,21,2024-09-14
1126,247,2024-02-04
1127,502,2024-09-07
1128,598,2021-11-02
1129,814,2024-09-25
1130,827,2023-04-19
1131,1198,2024-07-27
1132,255,2024-10-29
1133,620,2023-02-27
1134,828,2024-07-29
1135,407,2023-11-10
1136,525,2025-01-25
1137,305,2025-05-03
1138,489,2025-05-22
1139,918,2024-04-17
1140,520,2024-02-23
1141,984,2022-10-18
1142,264,2025-03-12
1143,1344,2024-09-30
1144,9,2024-03-27
1145,751,2025-05-02
1146,635,2025-06-05
1147,1396,2025-04-04
1148,775,2023-05-27
1149,322,2022-05-17
1150,661,2024-07-17
1151,184,2021-12-18
1152,519,2023-12-04
1153,803,2022-11-23
1154,46,2024-11-29
1155,1431,2025-04-08
1156,671,2023-11-14
1157,1038,2025-04-27
1158,766,2025-04-01
1159,579,2024-12-12
1160,194,2023-06-06
1161,970,2024-04-08
1162,1029,2022-12-21
1163,1375,2024-05-14
1164,409,2023-02-18
1165,273,2025-06-18
1166,295,2023-05-06
1167,1242,2024-01-11
1168,1111,2023-01-21
1169,1360,2025-01-30
1170,704,2023-08-11
1171,29,2022-06-21
1172,1327,2024-10-17
1173,574,2023-06-19
1174,612,2024-06-06
1175,354,2024-06-16
1176,750,2024-01-21
1177,1065,2024-12-09
1178,571,2024-06-09
1179,101,2025-05-07
1180,776,2023-06-16
1181,11,2024-01-30
1182,715,2023-09-10
1183,214,2023-10-21
1184,967,2024-07-12
1185,714,2024-05-04
1186,1381,2024-01-05
1187,1351,2024-03-26
1188,911,2025-02-27
1189,120,2025-04-24
1190,1487,2025-03-25
1191,999,2023-11-24
1192,1450,2024-02-26
1193,1350,2022-11-05
1194,690,2025-03-12
1195,1270,2024-08-22
1196,201,2024-01-25
1197,370,2024-10-28
1198,442,2024-01-02
1199,1434,2023-12-03
1200,1007,2024-10-29
1201,358,2025-01-18
1202,1459,2023-03-02
1203,1081,2022-11-26
1204,644,2023-06-23
1205,697,2025-03-27
1206,149,2024-07-28
1207,879,2023-01-21
1208,1298,2024-07-02
1209,670,2025-03-21
1210,1147,2022-11-23
1211,112,2025-01-31
1212,842,2023-05-17
1213,256,2023-10-31
1214,1234,2023-07-14
1215,1384,2023-03-24
1216,289,2023-05-07
1217,69,2024-08-08
1218,1413,2025-06-06
1219,1124,2024-10-08
1220,1391,2023-08-17
1221,479,2024-11-05
1222,1024,2023-11-26
1223,677,2023-07-30
1224,1305,2025-06-16
1225,761,2023-01-30
1226,1155,2024-05-29
1227,1104,2024-03-27
1228,472,2023-11-03
1229,635,2025-02-22
1230,1471,2024-01-14
1231,508,2022-12-12
1232,43,2024-08-04
1233,551,2023-11-26
1234,436,2025-05-04
1235,1193,2024-09-25
1236,1386,2024-12-23
1237,495,2024-08-04
1238,1388,2023-12-15
1239,1252,2025-04-02
1240,861,2024-06-07
1241,1042,2023-05-30
1242,86,2024-04-04
1243,289,2023-05-05
1244,663,2023-07-09
1245,1204,2022-04-22
1246,120,2024-08-07
1247,1173,2024-03-28
1248,498,2024-08-23
1249,834,2022-08-25
1250,1245,2024-06-15
1251,799,2024-05-14
1252,1299,2025-02-20
1253,1222,2024-01-10
1254,1458,2023-11-17
1255,69,2023-03-04
1256,569,2023-11-07
1257,1084,2025-03-08
1258,677,2023-12-20
1259,1052,2023-04-16
1260,328,2023-07-18
1261,873,2025-04-26
1262,1242,2022-05-16
1263,1386,2025-06-23
1264,45,2022-07-15
1265,466,2024-02-24
1266,620,2022-05-28
1267,980,2025-01-13
1268,95,2024-06-07
1269,1029,2024-12-20
1270,1195,2023-08-23
1271,342,2022-08-19
1272,1466,2025-05-15
1273,141,2023-10-15
1274,90,2023-05-08
1275,1480,2023-06-04
1276,579,2025-06-14
1277,1204,2024-06-20
1278,692,2023-03-14
1279,1071,2025-01-14
1280,753,2024-02-06
1281,655,2023-01-13
1282,532,2025-03-12
1283,1232,2024-09-20
1284,55,2022-09-14
1285,499,2024-12-10
1286,621,2023-02-04
1287,950,2025-02-12
1288,69,2023-09-08
1289,978,2025-03-22
1290,368,2022-09-24
1291,527,2025-04-22
1292,210,2024-08-13
1293,525,2024-09-22
1294,814,2024-01-17
1295,475,2024-11-24
1296,1147,2021-12-23
1297,770,2024-04-19
1298,1099,2025-05-14
1299,51,2024-05-09
1300,1194,2023-05-13
1301,728,2022-11-24
1302,617,2023-05-20
1303,710,2024-09-02
1304,724,2025-03-05
1305,922,2024-03-09
1306,1488,2023-06-15
1307,313,2025-04-24
1308,1283,2023-11-21
1309,111,2023-06-28
1310,151,2024-11-30
1311,512,2024-06-18
1312,1129,2024-01-30
1313,1038,2022-04-17
1314,1185,2025-05-11
1315,90,2024-02-26
1316,424,2024-12-26
1317,1370,2024-10-30
1318,985,2025-02-28
1319,1309,2022-09-01
1320,193,2024-06-30
1321,664,2024-04-02
1322,1456,2023-01-02
1323,1357,2025-03-08
1324,405,2024-07-08
1325,1130,2025-04-28
1326,1390,2023-12-18
1327,1270,2022-07-25
1328,153,2024-08-28
1329,851,2023-10-01
1330,753,2023-03-21
1331,134,2022-05-23
1332,257,2024-03-05
1333,559,2024-09-23
1334,871,2023-09-09
1335,693,2023-02-18
1336,242,2025-03-20
1337,1112,2023-08-10
1338,497,2024-06-01
1339,1121,2023-09-28
1340,1324,2025-04-04
1341,697,2024-04-10
1342,1051,2024-10-22
1343,415,2024-03-27
1344,443,2025-04-26
1345,1001,2023-08-10
1346,884,2023-08-29
1347,1361,2024-12-28
1348,1368,2024-11-06
1349,249,2022-08-02
1350,1452,2023-12-20
1351,1335,2023-09-01
1352,978,2023-12-19
1353,976,2024-01-16
1354,83,2024-10-08
1355,376,2025-04-13
1356,994,2023-11-14
1357,910,2025-01-24
1358,656,2024-12-11
1359,942,2023-04-24
1360,429,2024-11-11
1361,485,2024-02-03
1362,1450,2024-07-09
1363,922,2025-04-05
1364,1209,2025-01-11
1365,50,2024-11-21
1366,636,2025-05-02
1367,96,2024-08-21
1368,1248,2022-07-25
1369,197,2024-04-20
1370,496,2025-01-12
1371,383,2023-09-26
1372,1491,2023-11-01
1373,1421,2023-04-26
1374,9,2024-07-25
1375,1172,2024-11-28
1376,1282,2025-02-21
1377,108,2025-01-21
1378,1345,2023-07-29
1379,561,2023-08-28
1380,779,2025-01-09
1381,8,2024-09-13
1382,1491,2023-08-26
1383,1178,2022-09-19
1384,787,2024-10-17
1385,909,2024-05-05
1386,31,2023-06-26
1387,302,2024-11-14
1388,215,2022-06-15
1389,800,2024-04-16
1390,1178,2023-08-12
1391,196,2024-04-06
1392,245,2023-11-16
1393,428,2023-06-11
1394,239,2023-02-21
1395,1478,2024-04-07
1396,730,2023-10-12
1397,183,2024-06-03
1398,1420,2025-04-16
1399,1385,2025-03-29
1400,572,2024-01-07
1401,577,2022-11-04
1402,698,2023-06-12
1403,1030,2025-01-08
1404,367,2023-10-09
1405,1387,2023-09-20
1406,660,2023-01-30
1407,269,2023-01-07
1408,1058,2025-03-05
1409,524,2024-07-23
1410,323,2022-11-15
1411,464,2024-08-20
1412,342,2023-04-18
1413,857,2024-10-22
1414,546,2025-04-28
1415,543,2025-06-21
1416,222,2024-12-26
1417,293,2025-04-02
1418,1172,2024-04-26
1419,936,2022-10-26
1420,308,2024-05-16
1421,408,2024-07-04
1422,1451,2024-06-06
1423,1342,2024-10-27
1424,123,2024-06-21
1425,829,2023-11-11
1426,1035,2022-10-07
1427,226,2025-05-17
1428,1424,2024-05-31
1429,367,2024-07-09
1430,319,2024-03-21
1431,273,2025-03-15
1432,1209,2023-04-08
1433,1120,2023-10-01
1434,311,2024-11-05
1435,928,2024-10-03
1436,1083,2022-11-01
1437,1445,2022-11-20
1438,41,2022-12-16
1439,378,2022-07-10
1440,27,2023-08-07
1441,1270,2023-10-13
1442,1262,2024-01-17
1443,1419,2025-04-06
1444,1444,2022-09-17
1445,1091,2024-02-15
1446,975,2024-12-23
1447,235,2024-12-14
1448,404,2025-06-04
1449,1105,2025-02-23
1450,1124,2024-03-26
1451,874,2023-10-29
1452,825,2024-08-20
1453,828,2024-03-20
1454,1387,2024-02-03
1455,817,2024-11-25
1456,1375,2025-05-21
1457,1096,2024-11-04
1458,193,2024-08-04
1459,329,2025-04-15
1460,916,2024-03-29
1461,994,2023-01-15
1462,818,2024-06-10
1463,544,2024-11-04
1464,628,2024-02-19
1465,195,2025-04-27
1466,859,2024-06-08
1467,862,2025-03-27
1468,841,2024-03-02
1469,22,2022-11-13
1470,846,2025-02-12
1471,1466,2023-12-28
1472,1100,2024-11-06
1473,52,2024-03-31
1474,850,2024-01-06
1475,958,2024-01-01
1476,629,2025-01-05
1477,210,2024-04-07
1478,701,2023-08-22
1479,134,2022-11-08
1480,1093,2024-10-01
1481,306,2024-02-06
1482,1370,2025-02-26
1483,184,2023-11-04
1484,277,2024-08-23
1485,1172,2025-03-27
1486,919,2022-09-09
1487,1006,2024-10-10
1488,381,2022-11-14
1489,1412,2024-08-21
1490,721,2025-05-09
1491,610,2023-02-17
1492,204,2025-02-19
1493,1239,2023-05-17
1494,1412,2023-05-29
1495,821,2022-09-13
1496,65,2023-01-15
1497,593,2024-05-24
1498,124,2024-01-03
1499,655,2025-05-17
1500,910,2024-03-05
1501,93,2024-01-21
1502,1399,2024-08-04
1503,1402,2024-10-27
1504,159,2022-12-06
1505,1401,2024-05-04
1506,658,2024-06-26
1507,574,2024-04-26
1508,702,2024-03-03
1509,1460,2025-04-23
1510,146,2022-11-07
1511,1237,2025-01-16
1512,1466,2022-11-01
1513,817,2024-08-10
1514,615,2023-06-14
1515,623,2023-09-15
1516,589,2025-05-13
1517,1285,2024-04-24
1518,669,2025-04-25
1519,243,2025-06-01
1520,1438,2023-04-09
1521,144,2024-06-22
1522,212,2024-08-02
1523,146,2023-05-10
1524,836,2022-09-20
1525,312,2024-03-06
1526,913,2024-03-31
1527,350,2023-01-30
1528,718,2022-10-22
1529,426,2023-11-27
1530,260,2025-04-25
1531,1134,2025-03-12
1532,1220,2022-05-26
1533,565,2024-05-21
1534,307,2025-02-21
1535,959,2025-02-07
1536,1489,2024-09-20
1537,798,2025-06-17
1538,938,2023-06-16
1539,650,2024-04-30
1540,62,2025-02-07
1541,613,2024-06-03
1542,738,2023-08-14
1543,1382,2024-10-14
1544,1392,2024-04-13
1545,450,2024-02-23
1546,851,2023-08-23
1547,590,2024-07-21
1548,423,2021-11-27
1549,815,2023-06-15
1550,466,2025-06-06
1551,1303,2023-10-05
1552,692,2024-05-17
1553,404,2024-03-22
1554,1190,2023-03-02
1555,378,2025-06-02
1556,1001,2025-01-02
1557,1488,2024-11-01
1558,505,2024-12-01
1559,793,2025-06-08
1560,723,2022-01-22
1561,1361,2025-02-25
1562,899,2022-11-19
1563,613,2025-01-23
1564,34,2024-03-20
1565,1478,2024-01-09
1566,27,2025-01-05
1567,1097,2023-06-04
1568,668,2023-11-09
1569,65,2024-11-09
1570,680,2024-03-04
1571,682,2024-03-10
1572,798,2024-04-05
1573,149,2024-09-18
1574,1332,2024-11-25
1575,1307,2024-02-21
1576,40,2023-01-10
1577,957,2024-07-10
1578,666,2024-01-23
1579,300,2025-02-11
1580,971,2023-09-14
1581,704,2024-08-16
1582,279,2023-10-13
1583,1275,2023-10-11
1584,479,2023-10-16
1585,1014,2024-12-25
1586,413,2024-07-05
1587,803,2023-08-15
1588,335,2023-10-09
1589,95,2024-01-26
1590,286,2025-04-29
1591,58,2025-05-21
1592,901,2023-12-24
1593,601,2023-03-13
1594,1215,2024-08-17
1595,1197,2024-12-26
1596,1268,2025-01-04
1597,609,2024-10-26
1598,1130,2024-12-25
1599,234,2025-05-11
1600,1048,2023-10-19
1601,821,2025-05-09
1602,1458,2022-01-21
1603,449,2024-12-09
1604,1272,2025-04-10
1605,470,2025-02-20
1606,1114,2024-09-10
1607,1033,2024-10-15
1608,576,2024-02-20
1609,797,2024-05-16
1610,79,2024-06-28
1611,814,2024-09-26
1612,249,2022-04-24
1613,1222,2024-11-14
1614,1476,2025-05-11
1615,199,2022-05-11
1616,1037,2024-10-26
1617,521,2024-01-22
1618,429,2023-02-02
1619,1039,2024-10-10
1620,1035,2023-12-06
1621,1045,2023-09-21
1622,378,2023-12-26
1623,165,2024-02-10
1624,1226,2023-11-11
1625,652,2024-07-14
1626,272,2024-07-05
1627,318,2022-05-23
1628,1301,2024-06-16
1629,1140,2023-03-31
1630,914,2024-09-24
1631,1101,2023-05-18
1632,1060,2024-12-15
1633,1414,2024-05-23
1634,1117,2024-10-08
1635,285,2022-08-29
1636,235,2022-11-05
1637,1414,2023-11-22
1638,926,2023-05-25
1639,31,2024-09-09
1640,1236,2022-09-18
1641,624,2023-05-20
1642,729,2022-10-16
1643,1317,2022-05-10
1644,1125,2025-05-19
1645,1324,2022-01-11
1646,1149,2024-08-27
1647,1381,2022-05-25
1648,19,2024-12-17
1649,791,2025-02-03
1650,1327,2023-10-31
1651,337,2024-08-16
1652,24,2023-03-19
1653,1227,2025-03-14
1654,1021,2025-05-18
1655,130,2023-12-18
1656,1483,2023-07-16
1657,1423,2024-03-07
1658,255,2024-02-11
1659,1399,2022-02-08
1660,916,2024-05-08
1661,895,2022-09-05
1662,1017,2025-05-23
1663,1368,2023-05-22
1664,894,2024-11-12
1665,1076,2024-06-08
1666,1000,2024-02-06
1667,244,2023-08-11
1668,1047,2023-12-08
1669,692,2024-08-22
1670,131,2025-04-17
1671,1397,2025-01-21
1672,1398,2024-11-29
1673,1101,2025-02-08
1674,142,2024-06-14
1675,1168,2024-07-20
1676,595,2025-03-07
1677,229,2024-03-22
1678,488,2024-11-21
1679,440,2024-04-29
1680,323,2023-07-07
1681,626,2024-01-22
1682,1073,2022-12-09
1683,1077,2025-02-19
1684,317,2022-04-30
1685,1365,2023-02-07
1686,1212,2025-01-27
1687,746,2024-09-16
1688,1043,2023-10-08
1689,1038,2023-09-24
1690,749,2023-08-10
1691,350,2025-02-13
1692,75,2023-07-17
1693,525,2023-12-18
1694,1217,2023-06-15
1695,735,2024-10-10
1696,1032,2024-06-22
1697,789,2024-07-19
1698,60,2025-03-08
1699,624,2023-05-18
1700,119,2025-03-11
1701,602,2023-01-25
1702,882,2023-03-13
1703,237,2025-06-12
1704,83,2025-02-12
1705,291,2023-01-24
1706,287,2022-10-09
1707,30,2025-06-02
1708,57,2024-05-30
1709,665,2021-09-01
1710,117,2023-06-27
1711,281,2023-11-16
1712,704,2024-05-12
1713,582,2021-12-20
1714,1152,2024-12-03
1715,1347,2023-01-08
1716,510,2023-08-31
1717,1276,2024-01-11
1718,1367,2025-01-14
1719,1214,2023-10-20
1720,1446,2024-03-21
1721,1091,2024-10-06
1722,252,2023-10-25
1723,692,2024-11-04
1724,906,2022-06-27
1725,1131,2024-10-07
1726,852,2024-10-05
1727,1069,2024-04-02
1728,460,2025-05-11
1729,1041,2024-10-30
1730,551,2023-05-20
1731,452,2023-03-15
1732,1020,2025-01-15
1733,1451,2023-11-18
1734,253,2025-05-01
1735,1257,2024-12-24
1736,95,2022-10-26
1737,1434,2022-12-01
1738,904,2023-07-18
1739,1142,2024-06-30
1740,1206,2025-05-07
1741,878,2022-03-18
1742,437,2025-01-14
1743,453,2024-08-07
1744,890,2025-04-02
1745,483,2024-01-14
1746,1468,2022-06-21
1747,311,2023-11-02
1748,115,2025-03-17
1749,642,2025-02-28
1750,1176,2024-12-28
1751,531,2024-07-03
1752,731,2024-02-27
1753,1225,2024-10-15
1754,576,2025-03-14
1755,1331,2023-05-25
1756,1437,2024-10-25
1757,583,2022-10-06
1758,228,2022-05-12
1759,850,2024-05-26
1760,1329,2023-02-07
1761,581,2022-06-24
1762,464,2021-11-08
1763,1182,2022-12-14
1764,408,2025-02-12
1765,635,2024-09-19
1766,1485,2024-02-20
1767,195,2023-12-04
1768,322,2025-06-10
1769,26,2025-06-23
1770,201,2024-12-01
1771,299,2025-05-31
1772,1120,2024-08-25
1773,752,2023-04-07
1774,817,2025-03-05
1775,429,2025-01-26
1776,466,2023-01-24
1777,1188,2025-04-27
1778,169,2025-06-12
1779,718,2024-06-05
1780,229,2024-06-20
1781,1080,2024-07-05
1782,993,2023-12-12
1783,1073,2024-02-13
1784,1308,2025-04-24
1785,186,2024-11-22
1786,1417,2024-05-29
1787,1171,2023-11-15
1788,1055,2024-02-12
1789,1440,2024-07-11
1790,955,2023-12-06
1791,511,2024-01-05
1792,193,2024-09-17
1793,172,2023-10-03
1794,174,2025-01-25
1795,155,2025-04-09
1796,4,2023-03-05
1797,494,2024-10-14
1798,285,2023-02-24
1799,1410,2025-04-16
1800,530,2024-11-08
1801,705,2022-07-18
1802,936,2025-01-09
1803,653,2024-03-13
1804,93,2025-03-07
1805,338,2024-11-02
1806,1158,2022-12-20
1807,858,2024-06-11
1808,931,2024-08-23
1809,1079,2024-11-06
1810,102,2024-08-27
1811,1425,2024-10-28
1812,845,2025-01-13
1813,659,2022-12-23
1814,1128,2023-05-01
1815,627,2024-10-27
1816,110,2024-03-10
1817,143,2025-01-23
1818,1353,2023-10-28
1819,1123,2023-11-03
1820,515,2023-07-23
1821,948,2023-03-25
1822,1264,2025-02-12
1823,666,2025-03-27
1824,980,2024-06-17
1825,1398,2025-02-20
1826,1158,2022-11-05
1827,1449,2022-01-21
1828,1222,2024-12-30
1829,1077,2024-10-11
1830,982,2024-12-10
1831,880,2022-10-30
1832,136,2025-04-16
1833,1273,2024-04-08
1834,1436,2024-04-29
1835,1187,2022-09-27
1836,966,2023-07-12
1837,504,2025-04-09
1838,1262,2024-07-22
1839,248,2025-03-07
1840,357,2025-02-03
1841,511,2022-04-08
1842,250,2024-03-26
1843,1242,2025-06-02
1844,334,2023-08-18
1845,27,2024-10-07
1846,1258,2024-11-25
1847,847,2025-03-12
1848,872,2023-11-17
1849,757,2024-12-14
1850,956,2025-03-11
1851,694,2023-05-15
1852,1476,2024-12-11
1853,456,2023-11-09
1854,967,2025-05-12
1855,344,2025-01-19
1856,6,2023-06-04
1857,732,2024-07-26
1858,1211,2023-07-01
1859,523,2024-10-01
1860,1380,2023-10-11
1861,500,2024-08-04
1862,591,2024-12-31
1863,784,2025-06-18
1864,892,2024-08-28
1865,315,2023-02-16
1866,790,2024-08-01
1867,955,2023-02-25
1868,755,2022-07-08
1869,1123,2024-07-29
1870,1480,2024-11-29
1871,247,2024-08-21
1872,1181,2024-12-24
1873,636,2025-01-20
1874,1162,2023-11-21
1875,448,2022-03-11
1876,463,2024-03-07
1877,24,2025-05-29
1878,1467,2023-06-12
1879,1357,2022-07-09
1880,1009,2022-11-30
1881,242,2025-02-15
1882,1319,2024-11-21
1883,2,2023-05-03
1884,363,2024-12-23
1885,358,2022-06-04
1886,1022,2025-02-19
1887,1311,2023-08-20
1888,66,2023-06-14
1889,894,2024-08-04
1890,175,2024-09-15
1891,946,2023-02-09
1892,1072,2023-04-08
1893,1197,2024-11-05
1894,207,2024-08-21
1895,868,2024-08-28
1896,61,2024-04-18
1897,1126,2023-02-06
1898,1356,2024-07-11
1899,636,2023-06-20
1900,320,2024-04-08
1901,1206,2024-02-06
1902,1143,2023-06-13
1903,1079,2024-12-07
1904,1213,2024-06-20
1905,374,2024-05-28
1906,556,2024-01-24
1907,1181,2024-05-03
1908,150,2023-05-20
1909,230,2025-01-25
1910,765,2024-06-03
1911,619,2025-05-17
1912,104,2023-01-20
1913,6,2024-04-27
1914,1178,2024-05-21
1915,603,2021-12-26
1916,403,2022-07-01
1917,747,2025-03-22
1918,229,2024-07-08
1919,1085,2024-10-05
1920,703,2023-05-09
1921,581,2022-10-24
1922,360,2025-02-18
1923,1363,2024-10-04
1924,1381,2023-08-23
1925,1109,2023-08-22
1926,1233,2024-02-16
1927,430,2023-05-26
1928,1122,2024-08-19
1929,504,2023-07-19
1930,842,2025-05-30
1931,632,2022-09-23
1932,944,2024-10-07
1933,491,2025-06-17
1934,88,2024-09-18
1935,278,2024-02-26
1936,685,2025-06-22
1937,1294,2025-04-02
1938,759,2023-08-05
1939,338,2024-06-04
1940,601,2022-11-26
1941,709,2024-12-27
1942,311,2024-01-19
1943,747,2024-11-05
1944,1287,2025-02-21
1945,813,2023-01-11
1946,567,2022-10-30
1947,1242,2025-02-19
1948,882,2024-03-11
1949,66,2025-05-27
1950,1404,2023-08-04
1951,437,2023-12-12
1952,769,2024-05-26
1953,949,2023-07-07
1954,1010,2024-08-17
1955,931,2024-04-25
1956,44,2023-05-07
1957,1359,2024-07-12
1958,667,2025-06-10
1959,1385,2024-03-30
1960,1294,2023-10-10
1961,862,2024-04-09
1962,637,2024-10-11
1963,478,2024-09-05
1964,932,2024-06-20
1965,1449,2023-06-18
1966,267,2025-05-24
1967,61,2024-05-26
1968,200,2023-07-07
1969,1372,2023-10-08
1970,1425,2024-05-05
1971,327,2025-04-15
1972,274,2024-11-02
1973,321,2023-07-24
1974,104,2023-03-20
1975,1285,2023-08-14
1976,527,2025-04-05
1977,944,2025-04-19
1978,1,2023-08-09
1979,224,2024-07-13
1980,1283,2023-06-07
1981,324,2025-04-10
1982,745,2024-08-04
1983,1018,2024-11-11
1984,1056,2025-01-30
1985,1350,2024-01-16
1986,1004,2024-09-07
1987,796,2024-04-17
1988,468,2025-01-13
1989,1135,2024-12-17
1990,657,2024-12-29
1991,427,2023-11-29
1992,1071,2025-01-13
1993,281,2023-07-04
1994,1103,2024-11-29
1995,299,2024-10-12
1996,1455,2023-12-18
1997,1352,2025-05-13
1998,1177,2024-05-23
1999,159,2022-09-27
2000,272,2025-05-12
2001,116,2024-11-09
2002,145,2025-01-09
2003,636,2024-07-01
2004,1376,2024-10-19
2005,1317,2022-09-12
2006,95,2023-04-11
2007,1111,2023-08-15
2008,989,2025-01-24
2009,427,2025-03-06
2010,454,2025-03-07
2011,254,2024-01-12
2012,734,2025-02-19
2013,235,2022-12-08
2014,158,2025-01-31
2015,1148,2023-08-31
2016,308,2024-08-31
2017,1465,2022-04-14
2018,514,2022-11-05
2019,1233,2023-12-16
2020,615,2025-05-25
2021,1350,2025-03-18
2022,604,2023-10-23
2023,1141,2025-02-26
2024,603,2024-02-03
2025,113,2025-04-17
2026,1427,2025-04-05
2027,44,2023-12-25
2028,719,2024-12-27
2029,1271,2025-06-17
2030,1143,2024-11-28
2031,1378,2023-11-11
2032,1450,2024-03-13
2033,333,2025-05-27
2034,789,2023-06-24
2035,50,2025-05-18
2036,1248,2022-01-03
2037,1496,2024-11-03
2038,561,2024-03-25
2039,1488,2025-04-30
2040,1018,2023-07-09
2041,41,2023-04-21
2042,1385,2025-01-03
2043,142,2023-05-30
2044,581,2024-06-25
2045,1254,2022-05-08
2046,6,2023-04-04
2047,437,2023-11-13
2048,1074,2021-10-06
2049,226,2024-02-04
2050,701,2024-03-08
2051,265,2025-02-21
2052,825,2023-10-24
2053,1496,2024-12-31
2054,826,2024-06-28
2055,607,2025-05-12
2056,503,2024-04-19
2057,1007,2024-12-17
2058,870,2024-04-10
2059,1373,2023-04-26
2060,1449,2024-08-23
2061,1095,2024-04-26
2062,1443,2021-12-08
2063,834,2022-12-03
2064,699,2024-03-15
2065,381,2023-02-15
2066,40,2022-09-01
2067,514,2024-04-09
2068,1440,2024-07-25
2069,1316,2022-02-18
2070,706,2025-03-28
2071,242,2024-10-04
2072,464,2023-02-02
2073,386,2024-08-27
2074,82,2024-01-01
2075,1455,2024-12-30
2076,819,2025-01-10
2077,932,2024-11-19
2078,695,2025-02-23
2079,1396,2024-10-15
2080,136,2023-10-16
2081,407,2024-04-24
2082,1307,2022-04-26
2083,705,2023-07-09
2084,682,2025-02-22
2085,182,2023-07-15
2086,214,2024-01-05
2087,775,2024-01-15
2088,1136,2025-03-18
2089,1111,2024-10-26
2090,964,2023-10-11
2091,48,2024-12-01
2092,792,2024-02-23
2093,367,2023-04-15
2094,522,2024-07-10
2095,863,2023-10-19
2096,952,2023-12-15
2097,10,2023-11-06
2098,80,2022-11-09
2099,1337,2023-05-18
2100,332,2024-06-06
2101,901,2025-06-23
2102,981,2024-04-24
2103,1374,2024-09-07
2104,750,2025-04-09
2105,1391,2025-02-11
2106,936,2023-02-08
2107,237,2025-06-12
2108,701,2023-06-11
2109,998,2024-07-30
2110,1003,2024-07-29
2111,387,2024-07-23
2112,1068,2025-06-17
2113,901,2024-07-07
2114,1017,2025-01-28
2115,891,2023-09-22
2116,1129,2024-02-06
2117,8,2024-10-06
2118,907,2024-02-24
2119,520,2024-10-22
2120,1114,2023-07-20
2121,228,2024-12-13
2122,539,2023-05-10
2123,518,2024-03-26
2124,1067,2023-09-02
2125,250,2024-05-01
2126,69,2024-01-14
2127,811,2024-10-20
2128,1123,2023-10-11
2129,648,2024-11-10
2130,352,2023-12-10
2131,824,2023-11-26
2132,1252,2023-06-16
2133,849,2022-09-07
2134,541,2024-01-04
2135,1483,2023-09-29
2136,332,2024-06-12
2137,1371,2025-05-02
2138,567,2023-12-09
2139,1337,2023-09-20
2140,1480,2025-05-03
2141,541,2023-11-17
2142,871,2023-02-24
2143,298,2024-07-03
2144,374,2025-05-22
2145,1375,2025-03-20
2146,1376,2023-10-11
2147,372,2024-09-17
2148,1265,2024-04-17
2149,831,2023-06-15
2150,96,2022-01-04
2151,550,2025-05-27
2152,496,2023-11-16
2153,332,2024-09-01
2154,895,2023-11-17
2155,69,2025-03-23
2156,641,2024-05-07
2157,502,2024-06-04
2158,1043,2023-01-03
2159,1006,2024-02-22
2160,885,2024-09-19
2161,473,2025-05-19
2162,23,2022-06-07
2163,225,2022-02-25
2164,364,2023-04-10
2165,155,2025-04-16
2166,578,2023-04-19
2167,1244,2025-02-17
2168,1105,2023-05-19
2169,212,2023-10-09
2170,689,2023-05-06
2171,344,2023-09-06
2172,1247,2024-11-11
2173,362,2023-12-22
2174,1446,2024-04-16
2175,201,2025-03-23
2176,210,2023-10-19
2177,681,2024-05-25
2178,1200,2024-04-27
2179,1483,2023-08-26
2180,1224,2024-12-05
2181,63,2024-11-27
2182,123,2025-06-03
2183,865,2025-05-09
2184,4,2024-01-14
2185,1024,2024-07-23
2186,379,2024-08-25
2187,332,2024-05-17
2188,28,2025-04-11
2189,1193,2025-01-19
2190,590,2024-06-02
2191,1329,2022-08-28
2192,1403,2022-09-05
2193,233,2024-06-27
2194,1344,2025-06-06
2195,1161,2024-07-13
2196,121,2024-11-28
2197,1170,2024-11-18
2198,744,2024-04-18
2199,554,2024-06-04
2200,915,2025-05-24
2201,1018,2024-07-08
2202,1265,2024-04-21
2203,1246,2025-03-12
2204,961,2024-01-29
2205,156,2024-09-12
2206,633,2025-06-11
2207,1156,2023-03-30
2208,1305,2025-01-20
2209,873,2025-04-04
2210,1282,2023-05-05
2211,1376,2025-01-25
2212,1274,2023-08-03
2213,656,2025-03-13
2214,205,2023-10-29
2215,152,2025-04-12
2216,275,2024-04-29
2217,809,2024-12-06
2218,662,2022-02-08
2219,1170,2024-02-26
2220,275,2024-02-24
2221,831,2023-12-22
2222,394,2022-10-18
2223,1052,2024-11-19
2224,1209,2023-09-27
2225,1273,2024-02-27
2226,479,2022-06-20
2227,1426,2025-05-28
2228,289,2023-04-02
2229,460,2022-08-12
2230,1031,2024-12-24
2231,380,2023-04-21
2232,1227,2025-02-21
2233,636,2023-11-05
2234,16,2024-09-12
2235,228,2024-01-31
2236,682,2024-11-07
2237,10,2024-10-25
2238,1176,2024-06-28
2239,93,2025-03-03
2240,317,2022-05-07
2241,770,2024-04-27
2242,786,2024-06-06
2243,536,2024-03-18
2244,998,2023-12-11
2245,477,2025-04-25
2246,1412,2023-05-15
2247,726,2024-06-22
2248,232,2024-05-03
2249,998,2024-03-26
2250,559,2025-02-09
2251,1251,2023-08-14
2252,538,2024-05-22
2253,267,2025-06-09
2254,147,2025-06-04
2255,567,2023-04-22
2256,86,2022-11-17
2257,382,2023-09-21
2258,555,2023-06-18
2259,209,2023-02-28
2260,138,2023-07-06
2261,948,2024-07-01
2262,1417,2025-04-24
2263,82,2024-12-09
2264,563,2023-10-25
2265,122,2023-12-05
2266,8,2025-05-08
2267,1117,2023-01-14
2268,969,2024-10-17
2269,1394,2024-04-27
2270,30,2025-04-10
2271,78,2023-02-05
2272,669,2024-09-26
2273,224,2022-08-21
2274,1209,2022-06-11
2275,334,2024-05-20
2276,73,2024-09-29
2277,1467,2025-03-21
2278,1377,2023-10-21
2279,1101,2022-03-12
2280,262,2024-07-13
2281,404,2024-09-16
2282,1124,2024-07-05
2283,809,2023-12-24
2284,13,2023-08-16
2285,82,2023-01-02
2286,872,2024-10-25
2287,222,2023-11-27
2288,81,2024-08-04
2289,947,2025-04-10
2290,873,2024-12-12
2291,480,2023-10-08
2292,1035,2023-06-04
2293,51,2024-12-01
2294,759,2024-08-14
2295,1176,2024-06-08
2296,980,2022-04-12
2297,998,2024-12-12
2298,1284,2023-10-25
2299,553,2023-05-03
2300,696,2024-07-28
2301,65,2022-11-03
2302,1069,2024-06-14
2303,1229,2023-11-23
2304,607,2024-08-16
2305,320,2024-08-15
2306,338,2024-09-26
2307,224,2024-01-07
2308,1328,2022-07-01
2309,671,2024-04-20
2310,420,2023-03-20
2311,1285,2024-04-05
2312,146,2024-05-16
2313,178,2025-02-04
2314,146,2024-04-20
2315,1081,2023-10-06
2316,922,2024-05-13
2317,1151,2024-08-02
2318,730,2025-01-28
2319,1208,2022-09-07
2320,64,2023-07-23
2321,1353,2022-02-19
2322,498,2024-09-03
2323,258,2023-11-04
2324,822,2025-03-17
2325,1223,2024-06-14
2326,1429,2022-06-17
2327,620,2025-05-31
2328,1448,2024-06-19
2329,687,2021-12-24
2330,28,2024-08-26
2331,494,2023-03-28
2332,85,2025-03-03
2333,309,2025-01-07
2334,83,2024-11-10
2335,1066,2024-11-13
2336,1387,2024-09-20
2337,584,2023-06-28
2338,1128,2022-03-19
2339,16,2024-08-14
2340,538,2022-12-30
2341,925,2024-01-16
2342,1467,2023-05-29
2343,154,2025-03-18
2344,868,2022-05-24
2345,4,2023-10-08
2346,273,2024-06-12
2347,670,2024-08-15
2348,1261,2024-03-11
2349,1084,2023-10-20
2350,959,2024-05-04
2351,34,2024-03-24
2352,900,2024-05-13
2353,1310,2025-04-26
2354,17,2024-02-06
2355,1341,2023-06-06
2356,937,2025-03-02
2357,452,2022-09-12
2358,90,2022-09-01
2359,12,2023-02-20
2360,1492,2024-01-24
2361,331,2024-11-20
2362,427,2022-05-12
2363,307,2023-02-13
2364,799,2024-09-04
2365,862,2024-06-04
2366,585,2024-11-05
2367,1057,2023-11-12
2368,321,2024-09-13
2369,1276,2024-05-17
2370,587,2024-10-24
2371,1203,2025-05-21
2372,867,2025-06-01
2373,632,2024-07-06
2374,213,2024-07-27
2375,1171,2023-06-24
2376,841,2025-06-23
2377,992,2023-11-28
2378,1035,2023-08-06
2379,442,2024-07-30
2380,323,2024-08-24
2381,1145,2024-04-04
2382,437,2022-08-09
2383,583,2023-01-12
2384,162,2025-01-23
2385,464,2024-12-29
2386,142,2025-03-09
2387,62,2023-10-29
2388,269,2023-01-29
2389,1194,2022-03-14
2390,492,2024-01-27
2391,371,2023-10-24
2392,528,2022-10-18
2393,1484,2025-01-24
2394,326,2023-10-29
2395,330,2025-06-22
2396,359,2023-03-31
2397,1127,2025-03-13
2398,1238,2023-10-16
2399,792,2024-11-19
2400,862,2024-01-23
2401,1068,2024-03-18
2402,945,2023-07-10
2403,452,2022-10-14
2404,1446,2023-12-03
2405,1114,2024-07-17
2406,22,2024-05-27
2407,1316,2023-07-06
2408,1304,2023-02-06
2409,459,2025-01-26
2410,535,2022-08-19
2411,850,2024-03-12
2412,1171,2025-05-11
2413,829,2023-10-17
2414,291,2024-09-23
2415,876,2022-10-09
2416,486,2023-01-20
2417,1415,2025-03-01
2418,390,2024-10-16
2419,965,2022-06-15
2420,122,2024-04-05
2421,209,2024-11-01
2422,216,2024-09-19
2423,1113,2024-09-04
2424,449,2024-08-19
2425,841,2024-09-17
2426,1375,2024-04-12
2427,314,2025-05-15
2428,718,2023-09-12
2429,795,2024-11-30
2430,96,2021-12-25
2431,1119,2024-03-06
2432,1265,2022-11-09
2433,1443,2024-08-10
2434,515,2021-09-18
2435,641,2024-12-17
2436,1450,2024-10-30
2437,1058,2024-08-21
2438,839,2022-06-14
2439,133,2022-08-13
2440,1007,2024-07-25
2441,763,2023-01-31
2442,903,2024-10-03
2443,189,2024-02-01
2444,1119,2024-05-27
2445,623,2025-06-10
2446,702,2024-07-12
2447,1258,2025-06-13
2448,1195,2022-11-03
2449,1196,2023-01-21
2450,1358,2023-11-27
2451,204,2025-06-09
2452,115,2024-06-18
2453,909,2025-02-05
2454,1348,2025-02-21
2455,1154,2023-10-18
2456,151,2024-05-13
2457,551,2025-03-01
2458,72,2024-02-26
2459,638,2024-02-17
2460,877,2024-11-13
2461,227,2023-12-07
2462,800,2023-05-30
2463,417,2025-04-27
2464,860,2024-09-10
2465,271,2025-05-20
2466,81,2024-06-12
2467,1168,2024-05-10
2468,1106,2023-04-25
2469,1254,2024-08-22
2470,575,2024-06-12
2471,788,2024-05-01
2472,852,2023-08-06
2473,1284,2022-03-09
2474,304,2025-04-02
2475,347,2023-05-19
2476,91,2023-12-29
2477,1034,2023-11-11
2478,1073,2025-05-16
2479,586,2025-05-02
2480,963,2024-12-08
2481,21,2024-07-18
2482,26,2023-01-29
2483,360,2024-06-10
2484,551,2023-06-14
2485,503,2025-02-02
2486,963,2025-01-19
2487,539,2023-06-08
2488,1430,2023-12-16
2489,765,2023-12-14
2490,1057,2025-03-24
2491,159,2022-09-12
2492,1218,2024-08-17
2493,1499,2025-05-12
2494,1409,2024-05-01
2495,1363,2024-04-09
2496,787,2024-02-20
2497,518,2025-01-20
2498,267,2023-05-20
2499,584,2023-01-21
2500,1187,2024-01-02
2501,41,2024-09-19
2502,1067,2025-01-15
2503,597,2022-10-21
2504,446,2022-08-01
2505,1277,2024-08-10
2506,651,2024-12-12
2507,926,2023-12-31
2508,1296,2025-06-14
2509,415,2024-04-30
2510,973,2021-12-29
2511,993,2024-04-19
2512,228,2022-11-21
2513,1250,2025-01-20
2514,833,2023-12-21
2515,1223,2023-03-13
2516,640,2023-11-06
2517,88,2023-12-25
2518,1078,2022-06-08
2519,360,2025-01-27
2520,750,2024-04-21
2521,504,2023-02-25
2522,16,2023-05-10
2523,1392,2025-03-17
2524,1345,2024-07-04
2525,1252,2025-03-01
2526,842,2024-02-09
2527,529,2023-10-15
2528,1081,2025-04-13
2529,1153,2023-08-15
2530,992,2024-05-11
2531,1245,2025-03-17
2532,70,2024-09-28
2533,441,2023-01-23
2534,456,2023-07-20
2535,491,2025-05-23
2536,955,2021-09-10
2537,290,2021-09-02
2538,76,2024-06-25
2539,204,2024-11-26
2540,942,2023-06-17
2541,1172,2025-02-20
2542,1074,2023-02-22
2543,709,2023-05-11
2544,457,2024-07-24
2545,1125,2024-10-07
2546,430,2024-02-28
2547,1373,2023-06-27
2548,1042,2023-08-02
2549,651,2024-02-11
2550,740,2022-03-16
2551,988,2023-10-22
2552,19,2024-04-25
2553,127,2024-11-19
2554,291,2023-05-23
2555,1200,2024-05-08
2556,283,2024-08-09
2557,126,2023-12-11
2558,1385,2023-08-01
2559,379,2025-04-17
2560,1053,2022-12-16
2561,842,2022-11-29
2562,751,2024-06-04
2563,1335,2024-09-27
2564,557,2025-06-15
2565,478,2024-02-17
2566,803,2024-04-19
2567,529,2024-05-15
2568,1089,2025-01-23
2569,425,2024-03-23
2570,1029,2022-01-18
2571,1100,2023-05-29
2572,1255,2024-08-24
2573,623,2025-03-10
2574,536,2023-10-15
2575,304,2022-08-23
2576,796,2024-12-15
2577,1337,2023-08-20
2578,723,2024-10-17
2579,1237,2025-05-29
2580,332,2024-03-11
2581,1348,2024-09-18
2582,600,2023-03-06
2583,1472,2024-07-23
2584,213,2025-01-25
2585,991,2024-09-19
2586,138,2023-02-01
2587,1012,2023-05-18
2588,417,2023-09-05
2589,1064,2024-06-10
2590,737,2024-03-08
2591,1086,2024-05-18
2592,148,2024-04-20
2593,1076,2024-07-09
2594,827,2024-04-13
2595,631,2024-11-13
2596,971,2023-09-13
2597,1196,2023-11-28
2598,1064,2024-10-17
2599,1349,2023-09-07
2600,150,2024-09-09
2601,198,2023-07-08
2602,1111,2024-08-01
2603,1367,2024-11-22
2604,30,2024-06-17
2605,369,2025-05-24
2606,910,2024-06-22
2607,1228,2025-04-18
2608,1450,2023-12-28
2609,75,2023-07-24
2610,567,2022-10-31
2611,1288,2024-05-16
2612,933,2023-08-27
2613,203,2024-03-02
2614,624,2022-02-01
2615,447,2025-03-07
2616,1098,2024-07-11
2617,638,2025-05-30
2618,442,2024-05-27
2619,1199,2024-03-21
2620,618,2024-04-25
2621,344,2025-04-23
2622,1108,2023-09-01
2623,819,2024-01-07
2624,271,2023-11-27
2625,1081,2025-02-10
2626,317,2022-03-30
2627,532,2024-07-22
2628,943,2025-04-19
2629,897,2025-03-16
2630,1375,2025-04-28
2631,628,2024-01-01
2632,612,2024-01-30
2633,991,2023-11-08
2634,950,2024-10-06
2635,973,2023-06-30
2636,369,2023-09-09
2637,1063,2024-03-07
2638,630,2024-12-27
2639,1285,2024-11-17
2640,35,2021-09-24
2641,604,2023-09-16
2642,426,2023-11-22
2643,255,2025-05-20
2644,1204,2024-04-08
2645,1256,2022-07-05
2646,1473,2024-05-07
2647,188,2022-06-27
2648,747,2024-08-10
2649,153,2024-08-18
2650,1419,2025-04-17
2651,856,2025-01-18
2652,614,2023-11-18
2653,1444,2025-01-23
2654,473,2024-10-13
2655,1220,2024-12-14
2656,87,2023-05-05
2657,1352,2024-09-23
2658,129,2024-04-30
2659,1081,2024-01-16
2660,26,2024-06-05
2661,52,2025-04-06
2662,582,2023-05-20
2663,472,2023-05-16
2664,651,2024-06-02
2665,1423,2022-12-11
2666,905,2025-06-19
2667,866,2023-09-08
2668,1112,2023-06-26
2669,76,2025-02-12
2670,1394,2025-03-26
2671,771,2024-09-13
2672,624,2024-12-09
2673,1304,2024-11-02
2674,917,2023-11-23
2675,91,2023-10-02
2676,1448,2025-02-27
2677,1434,2024-08-08
2678,329,2023-10-05
2679,872,2025-05-01
2680,557,2025-03-30
2681,504,2024-06-21
2682,276,2024-09-20
2683,79,2025-05-19
2684,275,2025-04-20
2685,132,2022-03-15
2686,1160,2024-10-04
2687,340,2024-01-22
2688,1280,2024-12-18
2689,1367,2024-09-03
2690,443,2024-10-26
2691,1153,2023-07-20
2692,231,2024-11-26
2693,113,2022-05-26
2694,1176,2024-08-18
2695,931,2024-02-18
2696,963,2025-06-08
2697,1122,2024-12-06
2698,555,2023-08-12
2699,761,2024-01-10
2700,1281,2023-02-17
2701,1266,2024-04-01
2702,69,2024-08-10
2703,1145,2024-01-09
2704,800,2024-03-23
2705,374,2024-07-22
2706,932,2024-04-05
2707,1454,2024-07-22
2708,814,2024-11-05
2709,817,2025-04-10
2710,1275,2023-09-24
2711,1013,2024-06-28
2712,342,2022-12-04
2713,1254,2023-05-05
2714,719,2022-09-16
2715,1469,2023-03-29
2716,416,2023-09-03
2717,1045,2024-01-14
2718,564,2023-08-21
2719,946,2023-03-04
2720,1058,2025-02-12
2721,797,2022-10-08
2722,464,2022-03-12
2723,73,2024-02-10
2724,1164,2023-03-16
2725,295,2024-07-13
2726,268,2025-05-26
2727,155,2024-05-11
2728,1322,2024-08-25
2729,1444,2024-03-29
2730,1430,2023-06-01
2731,549,2023-07-23
2732,1179,2022-11-27
2733,1073,2024-03-13
2734,457,2024-09-26
2735,574,2023-09-17
2736,1021,2024-07-11
2737,320,2024-10-25
2738,947,2024-02-09
2739,858,2023-04-24
2740,1287,2025-04-03
2741,626,2024-07-10
2742,631,2024-07-14
2743,1207,2024-03-08
2744,1018,2023-04-21
2745,1316,2023-09-26
2746,476,2023-03-02
2747,1232,2023-08-17
2748,774,2024-09-21
2749,1493,2025-05-05
2750,394,2022-01-22
2751,420,2022-05-16
2752,992,2023-11-12
2753,491,2023-04-25
2754,213,2024-07-20
2755,1183,2024-03-13
2756,1038,2023-11-27
2757,897,2024-05-28
2758,1348,2024-09-17
2759,81,2024-06-12
2760,473,2024-09-02
2761,88,2023-10-15
2762,601,2022-09-20
2763,826,2023-09-25
2764,129,2024-08-03
2765,1315,2025-04-25
2766,880,2023-02-28
2767,748,2024-07-04
2768,277,2023-01-13
2769,629,2024-03-25
2770,662,2022-04-16
2771,425,2025-05-14
2772,538,2023-06-19
2773,905,2024-05-11
2774,216,2024-08-20
2775,606,2023-10-23
2776,514,2024-09-03
2777,408,2025-01-03
2778,1197,2025-05-14
2779,1163,2023-12-07
2780,51,2024-07-17
2781,623,2023-12-26
2782,456,2023-07-19
2783,54,2024-12-25
2784,1460,2025-03-23
2785,1156,2022-05-29
2786,367,2022-09-23
2787,424,2024-05-24
2788,953,2023-10-14
2789,762,2025-01-02
2790,622,2025-03-05
2791,189,2024-04-19
2792,11,2023-01-24
2793,675,2024-08-11
2794,1314,2022-08-24
2795,136,2023-08-03
2796,1236,2024-08-01
2797,104,2022-09-29
2798,725,2024-08-27
2799,355,2023-05-30
2800,1308,2024-03-14
2801,1336,2024-07-28
2802,497,2024-05-24
2803,1090,2025-04-07
2804,1163,2023-01-15
2805,834,2023-08-29
2806,831,2022-07-24
2807,1130,2025-04-25
2808,401,2023-08-21
2809,1180,2023-05-24
2810,1497,2024-05-10
2811,1363,2024-02-09
2812,293,2023-07-14
2813,252,2025-04-11
2814,1198,2025-01-15
2815,1121,2024-05-31
2816,1073,2024-04-29
2817,945,2022-12-28
2818,791,2024-09-12
2819,861,2025-04-16
2820,104,2024-05-11
2821,412,2024-05-29
2822,983,2024-07-08
2823,389,2024-01-08
2824,1396,2024-04-09
2825,162,2025-01-06
2826,919,2022-05-30
2827,502,2024-03-16
2828,28,2024-04-07
2829,1106,2024-09-25
2830,528,2024-11-02
2831,1439,2024-11-05
2832,286,2023-07-14
2833,255,2024-08-23
2834,1212,2023-08-07
2835,917,2024-04-17
2836,393,2025-01-28
2837,1333,2024-12-26
2838,25,2024-06-05
2839,1043,2022-12-08
2840,403,2023-08-03
2841,95,2023-05-09
2842,1314,2024-05-18
2843,447,2024-05-03
2844,430,2023-07-19
2845,82,2024-04-14
2846,1268,2024-10-12
2847,67,2025-03-19
2848,268,2025-02-12
2849,796,2025-04-07
2850,469,2023-05-30
2851,115,2023-10-13
2852,1076,2024-06-07
2853,262,2024-05-30
2854,961,2024-05-29
2855,895,2022-07-30
2856,1287,2023-08-31
2857,512,2025-02-19
2858,1049,2025-03-28
2859,465,2022-12-11
2860,1098,2025-01-09
2861,1242,2022-08-31
2862,1088,2023-02-28
2863,278,2023-12-04
2864,9,2024-11-27
2865,438,2024-03-19
2866,1399,2024-12-20
2867,999,2024-09-12
2868,617,2024-04-03
2869,99,2025-03-10
2870,1341,2023-05-02
2871,1057,2024-05-11
2872,792,2024-02-28
2873,200,2021-11-26
2874,1357,2023-10-16
2875,1405,2025-05-15
2876,845,2023-09-10
2877,1207,2025-06-23
2878,618,2024-11-12
2879,1338,2024-08-19
2880,355,2024-06-09
2881,224,2023-03-03
2882,456,2022-04-20
2883,259,2022-08-09
2884,1289,2022-10-12
2885,770,2025-04-12
2886,1167,2023-11-15
2887,285,2024-09-04
2888,800,2024-01-14
2889,335,2024-12-04
2890,391,2025-05-27
2891,785,2025-02-16
2892,1239,2024-07-14
2893,199,2023-11-12
2894,780,2025-05-01
2895,238,2024-01-14
2896,488,2023-07-23
2897,371,2024-04-19
2898,564,2023-12-21
2899,579,2025-04-12
2900,926,2023-09-11
2901,412,2023-08-22
2902,775,2025-02-08
2903,172,2023-08-09
2904,36,2024-06-08
2905,118,2023-10-18
2906,976,2023-12-08
2907,1359,2024-02-21
2908,1276,2024-08-03
2909,1226,2023-10-13
2910,50,2023-12-05
2911,1480,2024-02-17
2912,324,2023-10-31
2913,1108,2024-05-03
2914,212,2024-09-26
2915,69,2024-12-19
2916,152,2024-09-17
2917,539,2023-03-20
2918,1269,2024-04-02
2919,12,2024-04-25
2920,1358,2025-05-29
2921,210,2023-07-02
2922,1352,2025-03-19
2923,1485,2024-09-12
2924,247,2024-08-29
2925,570,2025-01-31
2926,1089,2024-05-14
2927,1453,2024-06-24
2928,1318,2023-08-06
2929,898,2024-06-17
2930,72,2024-01-20
2931,572,2023-07-03
2932,641,2024-08-31
2933,5,2025-01-27
2934,806,2025-04-04
2935,204,2025-02-03
2936,842,2022-10-22
2937,1273,2025-04-14
2938,528,2022-12-10
2939,391,2025-03-28
2940,1198,2025-04-03
2941,270,2025-05-24
2942,585,2025-04-30
2943,1303,2023-09-11
2944,396,2024-04-10
2945,1029,2022-04-11
2946,771,2024-10-25
2947,705,2021-09-27
2948,986,2025-02-22
2949,532,2024-10-31
2950,1009,2023-05-20
2951,999,2024-11-08
2952,1347,2024-01-04
2953,346,2024-12-15
2954,642,2024-03-07
2955,1201,2025-01-13
2956,93,2023-04-07
2957,1488,2023-05-21
2958,1178,2024-01-28
2959,580,2024-03-14
2960,541,2023-11-17
2961,1474,2024-11-21
2962,933,2022-12-08
2963,647,2023-08-21
2964,1232,2023-08-02
2965,689,2023-07-07
2966,1134,2024-04-15
2967,1217,2024-03-11
2968,59,2024-01-09
2969,858,2024-06-23
2970,753,2024-09-10
2971,949,2022-10-22
2972,22,2023-05-20
2973,1272,2024-04-28
2974,1038,2024-02-19
2975,1401,2024-06-14
2976,82,2023-09-27
2977,475,2025-06-22
2978,921,2023-08-06
2979,673,2024-05-31
2980,1154,2024-07-16
2981,119,2024-07-29
2982,1217,2024-06-24
2983,1453,2024-06-24
2984,1143,2022-10-20
2985,313,2025-02-11
2986,993,2024-03-13
2987,1323,2024-07-28
2988,848,2023-11-23
2989,554,2023-03-10
2990,829,2023-11-29
2991,1324,2023-07-13
2992,885,2024-03-01
2993,837,2025-01-01
2994,1087,2022-07-06
2995,1327,2021-09-17
2996,983,2023-09-15
2997,1043,2023-01-26
2998,762,2024-09-12
2999,385,2025-06-04
3000,1411,2023-12-01
3001,1171,2024-02-20
3002,1372,2023-12-01
3003,1245,2024-12-09
3004,324,2023-12-29
3005,904,2023-12-18
3006,580,2024-11-19
3007,49,2024-10-11
3008,37,2024-02-15
3009,493,2024-09-18
3010,261,2024-09-16
3011,887,2023-02-22
3012,172,2025-05-19
3013,664,2023-07-14
3014,1271,2025-03-02
3015,1266,2022-05-28
3016,502,2024-04-04
3017,938,2023-04-27
3018,1160,2021-10-17
3019,152,2024-07-21
3020,402,2024-01-08
3021,1207,2023-11-27
3022,1064,2024-08-18
3023,597,2023-09-27
3024,100,2025-06-05
3025,1045,2025-04-28
3026,1242,2024-11-12
3027,658,2024-10-03
3028,288,2024-11-05
3029,628,2024-10-18
3030,419,2025-01-02
3031,70,2024-10-16
3032,1236,2023-01-25
3033,578,2025-05-12
3034,298,2023-09-27
3035,43,2025-01-03
3036,1230,2025-01-10
3037,423,2023-09-20
3038,1278,2023-07-17
3039,1371,2025-04-05
3040,104,2024-09-30
3041,654,2023-03-27
3042,613,2021-12-18
3043,66,2024-06-12
3044,1168,2024-12-15
3045,556,2022-09-20
3046,310,2023-10-14
3047,501,2025-04-17
3048,1280,2024-04-29
3049,920,2025-02-10
3050,193,2024-04-21
3051,345,2024-04-11
3052,840,2024-04-12
3053,21,2024-10-10
3054,1485,2024-01-12
3055,252,2025-04-03
3056,29,2024-12-15
3057,286,2023-08-29
3058,613,2023-08-29
3059,379,2024-04-01
3060,531,2022-02-07
3061,114,2024-05-25
3062,467,2024-09-27
3063,170,2023-09-15
3064,123,2024-08-28
3065,668,2025-03-26
3066,1128,2024-08-08
3067,1246,2024-09-19
3068,1096,2025-06-05
3069,1141,2023-01-13
3070,894,2025-01-16
3071,376,2024-09-20
3072,1421,2024-05-20
3073,554,2023-04-29
3074,932,2022-10-20
3075,606,2025-06-12
3076,1467,2025-02-03
3077,445,2025-06-08
3078,1145,2025-03-28
3079,1276,2024-08-03
3080,606,2024-04-07
3081,547,2022-11-08
3082,1249,2025-03-03
3083,164,2023-05-27
3084,96,2022-08-03
3085,194,2023-04-21
3086,117,2025-01-30
3087,1496,2025-06-20
3088,281,2023-05-16
3089,630,2024-12-18
3090,790,2024-12-02
3091,172,2023-03-14
3092,1154,2022-02-05
3093,86,2023-05-12
3094,1209,2025-06-05
3095,1140,2024-12-09
3096,1054,2024-04-06
3097,116,2025-06-12
3098,1439,2024-07-09
3099,270,2024-05-31
3100,741,2023-02-19
3101,1475,2023-08-03
3102,1256,2023-09-09
3103,89,2023-05-18
3104,90,2024-05-02
3105,956,2023-10-17
3106,1411,2024-10-23
3107,221,2022-06-17
3108,290,2024-10-29
3109,769,2025-02-18
3110,386,2024-09-29
3111,71,2023-03-12
3112,733,2024-01-04
3113,1196,2023-09-17
3114,1437,2023-09-20
3115,541,2025-01-03
3116,269,2025-01-24
3117,1065,2024-04-24
3118,640,2025-05-29
3119,761,2025-02-28
3120,904,2023-09-29
3121,922,2022-11-05
3122,604,2025-04-23
3123,473,2025-02-24
3124,419,2024-03-05
3125,1064,2024-06-27
3126,1362,2025-03-24
3127,1049,2022-07-22
3128,1282,2023-06-21
3129,1361,2024-12-07
3130,238,2023-08-30
3131,859,2024-04-08
3132,559,2025-02-19
3133,174,2025-03-17
3134,1340,2024-06-03
3135,964,2024-04-19
3136,1107,2025-06-16
3137,1130,2024-12-02
3138,89,2024-11-09
3139,1017,2024-06-05
3140,233,2025-02-11
3141,869,2023-06-24
3142,32,2023-10-17
3143,526,2024-04-16
3144,969,2024-01-29
3145,1092,2023-10-22
3146,272,2024-03-20
3147,1450,2024-04-27
3148,1419,2024-10-27
3149,296,2024-08-19
3150,614,2023-11-06
3151,1161,2023-07-06
3152,1416,2024-09-21
3153,632,2024-05-19
3154,1495,2022-06-25
3155,400,2023-05-06
3156,144,2024-08-09
3157,424,2024-10-03
3158,825,2023-01-02
3159,482,2025-04-07
3160,696,2025-01-16
3161,1267,2024-11-14
3162,521,2024-06-21
3163,411,2024-12-25
3164,249,2024-08-04
3165,280,2024-09-01
3166,360,2024-12-29
3167,929,2024-11-05
3168,189,2025-06-12
3169,121,2025-04-23
3170,510,2024-10-24
3171,165,2023-11-26
3172,207,2024-06-06
3173,500,2024-01-30
3174,1111,2023-09-09
3175,1127,2023-07-25
3176,847,2022-06-08
3177,828,2024-03-23
3178,434,2023-07-10
3179,1326,2025-03-12
3180,542,2025-06-21
3181,1295,2025-04-19
3182,1362,2025-06-07
3183,1300,2023-04-19
3184,1396,2024-09-29
3185,92,2024-10-11
3186,440,2024-07-26
3187,486,2023-09-28
3188,1352,2023-12-07
3189,338,2025-06-19
3190,676,2025-03-01
3191,1354,2023-10-13
3192,660,2023-11-13
3193,1465,2024-06-05
3194,758,2024-10-29
3195,52,2024-07-14
3196,893,2023-04-22
3197,1315,2025-06-15
3198,186,2025-04-17
3199,239,2024-04-26
3200,1253,2025-04-10
3201,1124,2024-12-18
3202,1276,2024-03-23
3203,80,2023-10-21
3204,247,2024-06-18
3205,30,2025-01-13
3206,937,2024-02-28
3207,596,2025-04-18
3208,490,2022-11-09
3209,819,2024-07-04
3210,829,2024-09-28
3211,631,2024-04-14
3212,417,2025-06-12
3213,661,2025-02-19
3214,574,2025-04-26
3215,170,2023-04-25
3216,598,2024-05-15
3217,817,2024-05-13
3218,665,2025-03-27
3219,350,2023-11-01
3220,585,2022-11-14
3221,1055,2024-10-13
3222,1279,2023-07-24
3223,242,2024-07-28
3224,1327,2024-06-27
3225,990,2024-09-29
3226,800,2024-06-06
3227,730,2024-11-28
3228,651,2024-09-24
3229,107,2024-09-25
3230,703,2024-07-23
3231,1000,2023-07-03
3232,1402,2024-12-05
3233,24,2022-08-05
3234,1251,2025-02-07
3235,1489,2023-10-05
3236,741,2023-01-10
3237,494,2024-08-05
3238,307,2025-04-28
3239,143,2023-08-10
3240,440,2024-03-19
3241,369,2024-10-25
3242,1415,2022-04-12
3243,661,2024-12-21
3244,909,2024-03-29
3245,437,2024-12-31
3246,456,2025-05-21
3247,375,2025-06-18
3248,195,2025-04-01
3249,641,2024-08-24
3250,772,2025-01-20
3251,973,2022-06-26
3252,326,2025-01-27
3253,1140,2022-11-29
3254,354,2025-04-04
3255,1158,2022-01-29
3256,574,2023-02-15
3257,540,2023-08-22
3258,647,2023-08-28
3259,1429,2023-08-03
3260,1097,2024-05-22
3261,1293,2025-02-03
3262,589,2023-12-21
3263,1044,2024-10-05
3264,17,2025-04-01
3265,1218,2024-06-17
3266,349,2024-08-27
3267,319,2025-05-17
3268,1200,2024-02-08
3269,1125,2025-01-16
3270,552,2024-06-20
3271,324,2024-10-02
3272,421,2022-10-18
3273,472,2022-09-22
3274,847,2025-05-19
3275,1160,2024-12-31
3276,1085,2025-06-12
3277,1207,2024-04-22
3278,688,2022-03-14
3279,1278,2024-07-29
3280,1130,2025-06-17
3281,31,2025-03-01
3282,540,2024-11-28
3283,1296,2023-05-21
3284,1013,2025-02-08
3285,1006,2025-06-20
3286,904,2024-08-02
3287,705,2021-08-08
3288,1240,2025-03-13
3289,1221,2024-07-09
3290,860,2024-08-28
3291,1454,2024-08-23
3292,1211,2024-05-10
3293,659,2023-04-02
3294,301,2023-01-16
3295,1356,2023-05-26
3296,497,2025-02-21
3297,1068,2024-11-19
3298,1244,2024-03-08
3299,1440,2025-04-02
3300,931,2024-05-27
3301,368,2024-04-21
3302,1032,2024-10-23
3303,1109,2025-01-11
3304,533,2022-08-04
3305,787,2025-02-27
3306,1445,2023-01-28
3307,438,2024-12-01
3308,1085,2024-12-18
3309,1321,2023-04-22
3310,649,2023-08-13
3311,1287,2024-09-13
3312,41,2022-09-12
3313,866,2024-06-30
3314,1029,2022-04-15
3315,607,2024-03-04
3316,796,2023-05-27
3317,563,2024-04-22
3318,842,2022-12-20
3319,34,2023-03-20
3320,716,2023-11-23
3321,442,2024-07-29
3322,1236,2023-01-02
3323,1127,2024-07-25
3324,793,2023-07-11
3325,583,2023-03-22
3326,1283,2023-02-27
3327,1032,2024-04-11
3328,1389,2024-05-04
3329,1199,2024-04-20
3330,576,2024-07-05
3331,172,2024-06-15
3332,1229,2025-05-23
3333,1073,2024-01-28
3334,753,2023-05-07
3335,405,2025-05-18
3336,1465,2023-07-05
3337,923,2024-08-16
3338,819,2024-10-10
3339,765,2024-01-05
3340,1023,2022-03-24
3341,1469,2022-07-30
3342,565,2025-04-04
3343,792,2023-09-18
3344,1409,2024-06-25
3345,654,2024-07-11
3346,1458,2023-07-14
3347,1177,2025-05-19
3348,145,2024-11-15
3349,950,2024-04-11
3350,1153,2025-05-07
3351,899,2024-04-30
3352,440,2025-01-26
3353,562,2025-06-07
3354,283,2023-12-16
3355,688,2021-11-06
3356,1453,2024-03-21
3357,1332,2023-04-08
3358,797,2022-09-28
3359,295,2025-06-17
3360,1205,2022-05-23
3361,1293,2024-04-27
3362,606,2024-07-28
3363,1120,2025-01-15
3364,549,2025-06-06
3365,572,2022-10-21
3366,696,2024-04-09
3367,621,2023-07-08
3368,765,2024-08-21
3369,597,2024-11-05
3370,442,2024-10-17
3371,682,2024-04-01
3372,1305,2024-05-25
3373,1342,2024-08-25
3374,1286,2025-03-21
3375,1200,2024-07-13
3376,712,2024-05-24
3377,1182,2024-03-03
3378,1236,2024-12-21
3379,849,2023-06-27
3380,39,2024-05-10
3381,203,2024-10-06
3382,1009,2022-07-17
3383,525,2023-09-21
3384,117,2023-06-12
3385,257,2024-02-11
3386,756,2023-09-26
3387,459,2024-06-05
3388,1341,2024-01-11
3389,1268,2024-03-26
3390,131,2024-01-03
3391,257,2025-03-13
3392,1385,2024-02-29
3393,444,2022-07-18
3394,85,2022-02-24
3395,1218,2024-07-19
3396,1337,2025-03-16
3397,610,2021-08-27
3398,635,2023-08-12
3399,1250,2023-05-21
3400,779,2024-03-15
3401,1426,2021-11-26
3402,599,2024-11-16
3403,109,2025-01-09
3404,1357,2023-06-27
3405,1421,2024-07-28
3406,1011,2024-09-04
3407,1016,2024-02-28
3408,158,2024-04-07
3409,949,2024-04-30
3410,1083,2024-10-10
3411,996,2022-09-11
3412,366,2024-08-07
3413,617,2023-02-18
3414,229,2025-01-22
3415,331,2024-11-20
3416,1072,2023-09-28
3417,1288,2024-11-02
3418,764,2022-04-24
3419,1446,2023-06-19
3420,809,2024-10-17
3421,695,2023-10-02
3422,1060,2024-03-19
3423,106,2024-05-07
3424,1455,2025-06-18
3425,338,2024-08-24
3426,281,2023-09-11
3427,1320,2025-05-16
3428,734,2023-07-13
3429,141,2025-01-16
3430,1186,2024-05-21
3431,307,2024-09-16
3432,390,2024-03-13
3433,259,2022-08-22
3434,1389,2025-06-22
3435,1027,2025-03-15
3436,554,2025-03-21
3437,893,2024-04-04
3438,11,2024-03-27
3439,703,2022-03-05
3440,618,2024-07-16
3441,259,2023-09-03
3442,229,2025-02-08
3443,805,2023-04-01
3444,112,2025-06-12
3445,765,2024-05-09
3446,1269,2021-12-09
3447,229,2024-07-10
3448,453,2023-11-02
3449,522,2024-07-12
3450,634,2024-04-03
3451,572,2022-01-08
3452,494,2024-01-29
3453,40,2023-01-02
3454,929,2024-06-28
3455,1128,2023-02-09
3456,79,2024-08-19
3457,1452,2023-02-21
3458,475,2024-12-21
3459,1227,2022-11-10
3460,665,2023-10-21
3461,1143,2022-10-23
3462,191,2025-03-02
3463,6,2022-05-14
3464,745,2023-11-03
3465,669,2025-06-23
3466,538,2023-12-07
3467,1210,2024-10-29
3468,561,2025-03-06
3469,1193,2024-11-29
3470,724,2025-02-18
3471,694,2024-02-02
3472,741,2024-09-16
3473,321,2023-01-25
3474,1030,2025-04-08
3475,1484,2023-09-25
3476,724,2022-10-04
3477,33,2025-01-05
3478,246,2024-06-12
3479,258,2023-12-26
3480,105,2024-08-31
3481,312,2025-06-17
3482,67,2023-02-15
3483,1447,2024-03-18
3484,675,2022-11-14
3485,350,2022-09-11
3486,1025,2025-05-30
3487,879,2023-09-01
3488,270,2024-11-05
3489,606,2025-04-20
3490,909,2024-04-25
3491,204,2025-01-21
3492,1500,2023-12-26
3493,1054,2025-05-25
3494,1452,2024-07-26
3495,859,2025-06-16
3496,761,2023-11-07
3497,1420,2023-07-12
3498,336,2024-07-20
3499,432,2023-03-27
3500,56,2024-02-11
3501,786,2023-11-14
3502,1043,2023-05-20
3503,1216,2024-08-15
3504,1029,2022-10-29
3505,1225,2025-03-30
3506,369,2024-03-02
3507,48,2024-10-19
3508,1035,2023-11-30
3509,686,2024-04-24
3510,1356,2024-06-16
3511,1488,2023-07-23
3512,674,2024-09-04
3513,926,2023-02-28
3514,855,2025-04-05
3515,1466,2022-09-08
3516,835,2023-12-10
3517,769,2025-01-28
3518,1219,2022-01-11
3519,560,2025-02-07
3520,70,2023-09-03
3521,301,2022-07-12
3522,403,2024-11-05
3523,448,2025-03-15
3524,806,2025-03-30
3525,809,2024-09-30
3526,1452,2021-10-03
3527,754,2024-02-26
3528,22,2023-11-03
3529,523,2025-05-08
3530,965,2023-04-22
3531,788,2025-05-13
3532,1316,2022-06-29
3533,904,2024-10-22
3534,1367,2024-11-18
3535,140,2023-10-19
3536,145,2025-06-16
3537,482,2025-05-05
3538,231,2025-05-04
3539,194,2023-06-23
3540,212,2025-01-02
3541,724,2024-03-11
3542,1416,2024-04-09
3543,103,2025-04-23
3544,899,2024-02-13
3545,864,2024-09-23
3546,265,2024-01-11
3547,1231,2024-10-17
3548,1265,2023-03-11
3549,1440,2024-11-01
3550,576,2024-01-22
3551,839,2024-01-19
3552,445,2024-10-14
3553,761,2024-06-25
3554,642,2025-01-04
3555,1496,2024-08-04
3556,626,2023-12-08
3557,1422,2024-03-22
3558,147,2024-04-07
3559,313,2023-10-20
3560,595,2024-05-01
3561,1086,2025-04-30
3562,558,2025-05-10
3563,1239,2025-01-16
3564,1098,2024-01-24
3565,1276,2025-04-19
3566,726,2025-03-13
3567,105,2023-03-13
3568,80,2024-12-29
3569,739,2023-10-22
3570,1046,2022-02-16
3571,421,2022-07-15
3572,946,2024-09-27
3573,1439,2024-11-01
3574,685,2023-10-09
3575,338,2024-11-26
3576,1014,2023-12-16
3577,950,2024-03-14
3578,130,2023-06-07
3579,557,2024-08-13
3580,999,2025-05-17
3581,877,2025-01-13
3582,765,2024-02-06
3583,1413,2025-06-07
3584,224,2024-10-27
3585,467,2024-10-27
3586,666,2024-08-17
3587,1094,2023-02-18
3588,494,2023-08-26
3589,823,2023-04-09
3590,725,2024-03-11
3591,713,2023-12-24
3592,51,2025-03-03
3593,149,2024-04-25
3594,1143,2023-03-07
3595,1348,2025-05-08
3596,681,2024-06-03
3597,682,2023-04-15
3598,445,2023-02-19
3599,409,2022-11-30
3600,1199,2024-01-15
3601,28,2024-11-17
3602,1317,2023-02-25
3603,1126,2023-11-25
3604,1242,2023-08-22
3605,31,2024-10-03
3606,517,2024-06-06
3607,26,2023-10-18
3608,1306,2025-03-30
3609,382,2023-08-25
3610,189,2025-02-03
3611,692,2023-08-07
3612,224,2024-09-19
3613,1109,2024-11-09
3614,794,2022-02-04
3615,1221,2024-01-15
3616,207,2024-11-17
3617,513,2025-05-27
3618,601,2023-05-22
3619,342,2022-02-28
3620,153,2025-01-02
3621,4,2025-05-18
3622,974,2022-04-10
3623,691,2024-05-21
3624,1212,2024-03-18
3625,542,2024-01-19
3626,166,2025-05-31
3627,185,2025-04-09
3628,411,2022-10-18
3629,653,2025-03-10
3630,741,2025-04-01
3631,103,2023-04-22
3632,1482,2022-01-07
3633,165,2023-10-20
3634,841,2025-05-29
3635,2,2022-09-28
3636,1099,2024-08-06
3637,1117,2024-09-02
3638,949,2023-09-01
3639,442,2024-11-05
3640,294,2023-01-04
3641,995,2024-10-28
3642,900,2024-12-20
3643,316,2024-06-03
3644,472,2023-03-26
3645,192,2022-05-02
3646,234,2025-01-18
3647,811,2024-12-10
3648,1056,2025-04-07
3649,1317,2025-01-27
3650,1218,2024-10-15
3651,794,2022-12-12
3652,545,2024-04-23
3653,1286,2023-02-07
3654,1034,2022-04-10
3655,666,2025-01-28
3656,767,2022-05-21
3657,213,2023-09-02
3658,1493,2024-03-12
3659,862,2025-02-18
3660,948,2022-06-06
3661,1264,2024-03-10
3662,1335,2024-04-02
3663,1317,2024-03-31
3664,234,2024-11-29
3665,1449,2023-01-05
3666,200,2023-05-12
3667,205,2024-05-26
3668,675,2022-09-30
3669,1451,2023-07-21
3670,979,2025-04-20
3671,1006,2023-06-10
3672,160,2023-04-20
3673,960,2025-02-01
3674,1289,2023-03-03
3675,118,2023-12-20
3676,727,2024-03-29
3677,74,2023-05-24
3678,1465,2024-11-16
3679,835,2024-09-11
3680,867,2023-04-04
3681,999,2025-01-05
3682,1211,2024-02-14
3683,408,2023-03-09
3684,1237,2024-08-02
3685,1368,2025-05-25
3686,727,2024-04-26
3687,63,2025-05-31
3688,1443,2021-12-27
3689,589,2025-05-28
3690,1498,2023-07-23
3691,1452,2022-08-07
3692,665,2024-02-07
3693,382,2022-02-01
3694,185,2023-08-14
3695,241,2023-02-08
3696,864,2025-04-30
3697,14,2024-08-22
3698,651,2024-10-03
3699,1191,2023-09-24
3700,305,2024-01-15
3701,1389,2025-01-09
3702,1259,2025-05-17
3703,961,2023-11-09
3704,169,2024-08-31
3705,1479,2023-07-15
3706,1015,2024-09-05
3707,1491,2022-12-15
3708,332,2024-01-26
3709,518,2025-02-28
3710,897,2025-02-02
3711,290,2022-01-16
3712,331,2025-02-21
3713,761,2024-03-23
3714,1109,2025-01-22
3715,872,2024-08-03
3716,1037,2023-08-07
3717,1000,2025-06-22
3718,947,2024-11-15
3719,1099,2023-06-16
3720,686,2024-11-21
3721,1028,2022-04-12
3722,140,2024-06-23
3723,809,2023-11-10
3724,148,2023-12-27
3725,1016,2024-04-13
3726,1261,2023-09-23
3727,1432,2025-02-14
3728,8,2024-04-11
3729,1202,2023-04-03
3730,378,2024-01-29
3731,566,2021-11-01
3732,244,2022-09-01
3733,1188,2024-11-21
3734,1046,2023-04-14
3735,384,2023-09-24
3736,264,2025-05-15
3737,1267,2025-04-03
3738,1481,2022-10-04
3739,960,2024-08-19
3740,586,2023-11-17
3741,1321,2024-10-11
3742,400,2023-09-30
3743,587,2024-09-19
3744,1245,2023-10-03
3745,988,2024-07-14
3746,1379,2023-01-27
3747,148,2023-06-21
3748,1191,2023-08-04
3749,1353,2022-02-05
3750,950,2025-01-11
3751,183,2024-10-08
3752,1461,2024-05-09
3753,377,2024-02-18
3754,72,2024-10-09
3755,488,2023-01-04
3756,1254,2023-08-06
3757,1312,2024-10-06
3758,1209,2022-06-04
3759,394,2023-03-07
3760,242,2024-12-28
3761,1085,2024-11-05
3762,27,2024-09-27
3763,940,2024-07-02
3764,1340,2025-01-10
3765,1490,2023-09-10
3766,1471,2024-01-05
3767,669,2024-05-18
3768,288,2025-03-01
3769,561,2023-07-31
3770,1029,2024-06-20
3771,1499,2025-04-03
3772,573,2025-05-28
3773,911,2023-07-23
3774,1173,2025-04-30
3775,1394,2024-07-30
3776,729,2023-05-23
3777,1320,2023-01-23
3778,1394,2025-03-09
3779,162,2024-10-29
3780,169,2024-11-13
3781,1322,2024-11-15
3782,1266,2022-08-31
3783,247,2023-10-14
3784,375,2023-07-24
3785,578,2022-08-26
3786,257,2025-06-17
3787,1449,2023-09-16
3788,487,2022-09-24
3789,1056,2024-06-04
3790,759,2024-06-29
3791,1003,2025-06-12
3792,1211,2022-04-10
3793,207,2023-12-20
3794,1075,2023-06-30
3795,659,2023-05-20
3796,557,2024-09-04
3797,1296,2022-10-26
3798,16,2025-05-31
3799,103,2025-05-22
3800,325,2024-12-27
3801,1161,2023-03-12
3802,832,2024-05-18
3803,905,2024-12-10
3804,617,2023-07-18
3805,766,2024-11-20
3806,525,2024-05-06
3807,179,2025-02-27
3808,1249,2023-05-14
3809,744,2024-02-06
3810,477,2024-02-26
3811,639,2022-07-06
3812,955,2021-10-06
3813,1373,2023-11-10
3814,507,2023-11-26
3815,323,2024-05-11
3816,1452,2023-05-07
3817,746,2024-09-12
3818,1474,2025-03-27
3819,729,2025-01-16
3820,578,2025-05-14
3821,433,2023-11-30
3822,423,2024-06-17
3823,247,2025-01-22
3824,1384,2022-08-09
3825,1304,2023-04-23
3826,993,2024-07-20
3827,871,2024-03-29
3828,268,2025-02-17
3829,125,2024-05-11
3830,1025,2024-09-16
3831,430,2024-12-15
3832,791,2024-12-09
3833,74,2024-03-07
3834,46,2025-03-12
3835,914,2024-11-24
3836,717,2024-05-28
3837,1354,2023-07-12
3838,1483,2024-09-26
3839,975,2024-03-14
3840,1144,2022-08-24
3841,140,2024-04-21
3842,344,2024-02-29
3843,1226,2025-05-11
3844,1047,2025-01-29
3845,217,2023-10-09
3846,846,2024-11-27
3847,1027,2023-09-21
3848,1018,2024-05-19
3849,414,2024-03-11
3850,597,2024-01-17
3851,207,2024-06-02
3852,1324,2025-02-18
3853,869,2025-04-19
3854,191,2023-04-12
3855,1362,2024-04-29
3856,743,2024-02-18
3857,1356,2023-08-30
3858,1272,2023-06-02
3859,975,2024-08-27
3860,429,2024-02-09
3861,1235,2023-03-21
3862,888,2022-01-19
3863,1223,2025-06-03
3864,7,2025-02-03
3865,930,2024-02-03
3866,167,2023-06-13
3867,1492,2022-04-14
3868,1349,2023-07-20
3869,5,2024-08-29
3870,1381,2025-04-06
3871,409,2024-10-29
3872,547,2021-12-30
3873,1213,2023-03-02
3874,252,2023-09-24
3875,916,2024-04-26
3876,1150,2024-06-10
3877,1443,2024-11-10
3878,1247,2023-05-10
3879,681,2025-06-01
3880,438,2025-06-22
3881,1066,2025-05-19
3882,1419,2024-03-18
3883,1070,2024-10-01
3884,619,2024-12-29
3885,593,2024-09-14
3886,810,2022-02-14
3887,1327,2023-02-24
3888,932,2022-03-07
3889,1132,2024-04-15
3890,1425,2023-04-01
3891,1239,2024-12-19
3892,197,2024-05-31
3893,635,2023-09-30
3894,707,2024-10-12
3895,1286,2024-06-02
3896,680,2024-11-12
3897,1016,2024-01-18
3898,424,2024-10-01
3899,118,2025-02-11
3900,309,2024-08-08
3901,949,2022-06-03
3902,689,2024-12-11
3903,1346,2023-09-26
3904,661,2025-06-09
3905,1250,2024-08-25
3906,1074,2023-05-09
3907,715,2024-07-13
3908,92,2023-12-04
3909,386,2024-07-01
3910,1426,2023-12-07
3911,1189,2024-04-02
3912,990,2023-09-23
3913,48,2024-12-22
3914,968,2022-10-25
3915,746,2025-03-22
3916,1184,2023-10-05
3917,1302,2023-05-23
3918,384,2023-01-22
3919,155,2023-09-03
3920,1303,2024-05-14
3921,260,2025-02-23
3922,1172,2024-11-25
3923,263,2024-03-18
3924,964,2023-08-18
3925,820,2024-10-22
3926,1147,2023-12-10
3927,855,2025-02-21
3928,1185,2025-04-06
3929,69,2024-02-21
3930,312,2024-11-17
3931,1184,2024-01-25
3932,308,2025-04-20
3933,780,2025-04-23
3934,647,2024-01-09
3935,316,2022-11-13
3936,848,2024-12-09
3937,264,2025-05-20
3938,419,2024-02-07
3939,1499,2024-06-04
3940,1346,2024-04-21
3941,1289,2024-03-18
3942,485,2024-12-08
3943,1066,2024-01-03
3944,1326,2024-08-08
3945,1116,2023-09-27
3946,687,2021-09-30
3947,846,2024-12-10
3948,684,2024-10-20
3949,310,2024-07-18
3950,85,2025-05-04
3951,1301,2023-08-10
3952,1287,2023-11-16
3953,626,2023-01-22
3954,1219,2022-09-10
3955,208,2025-01-15
3956,86,2025-06-04
3957,1428,2025-05-14
3958,1211,2025-01-12
3959,59,2023-02-08
3960,564,2023-10-19
3961,1160,2023-03-28
3962,885,2024-08-11
3963,475,2024-03-31
3964,981,2024-05-06
3965,96,2024-11-30
3966,1407,2024-05-29
3967,216,2024-11-18
3968,166,2024-05-21
3969,591,2024-01-21
3970,1295,2023-11-25
3971,1013,2024-07-25
3972,870,2023-05-15
3973,632,2023-09-17
3974,815,2024-11-15
3975,805,2025-03-02
3976,1040,2025-01-28
3977,643,2025-06-16
3978,408,2023-07-30
3979,1031,2023-04-08
3980,1138,2024-02-14
3981,258,2024-12-16
3982,267,2024-08-27
3983,28,2025-05-02
3984,797,2025-04-29
3985,727,2025-05-05
3986,448,2024-11-09
3987,166,2024-04-20
3988,431,2022-10-30
3989,1497,2024-02-21
3990,790,2025-03-12
3991,468,2024-03-17
3992,510,2025-02-09
3993,334,2024-09-30
3994,172,2023-07-07
3995,149,2024-06-17
3996,1239,2024-08-02
3997,102,2023-07-14
3998,1316,2022-08-12
3999,840,2023-08-05
4000,26,2024-07-08
